date,ward_id,flooded,event_id,event_type,confidence,max_rainfall_mm,source,notes
2015-07-26,38,1,2015_KOMEN,cyclone,0.7,87,Cyclone Komen reports,Cholera outbreak followed
2015-07-26,44,1,2015_KOMEN,cyclone,0.7,87,Cyclone Komen reports,Cholera outbreak followed
2015-07-26,43,1,2015_KOMEN,cyclone,0.7,87,Cyclone Komen reports,Cholera outbreak followed
2015-07-26,40,1,2015_KOMEN,cyclone,0.7,87,Cyclone Komen reports,Cholera outbreak followed
2015-07-26,37,1,2015_KOMEN,cyclone,0.7,87,Cyclone Komen reports,Cholera outbreak followed
2015-07-26,48,1,2015_KOMEN,cyclone,0.7,87,Cyclone Komen reports,Cholera outbreak followed
2015-07-26,39,1,2015_KOMEN,cyclone,0.7,87,Cyclone Komen reports,Cholera outbreak followed
2015-07-27,38,1,2015_KOMEN,cyclone,0.7,87,Cyclone Komen reports,Cholera outbreak followed
2015-07-27,44,1,2015_KOMEN,cyclone,0.7,87,Cyclone Komen reports,Cholera outbreak followed
2015-07-27,43,1,2015_KOMEN,cyclone,0.7,87,Cyclone Komen reports,Cholera outbreak followed
2015-07-27,40,1,2015_KOMEN,cyclone,0.7,87,Cyclone Komen reports,Cholera outbreak followed
2015-07-27,37,1,2015_KOMEN,cyclone,0.7,87,Cyclone Komen reports,Cholera outbreak followed
2015-07-27,48,1,2015_KOMEN,cyclone,0.7,87,Cyclone Komen reports,Cholera outbreak followed
2015-07-27,39,1,2015_KOMEN,cyclone,0.7,87,Cyclone Komen reports,Cholera outbreak followed
2015-07-28,38,1,2015_KOMEN,cyclone,0.7,87,Cyclone Komen reports,Cholera outbreak followed
2015-07-28,44,1,2015_KOMEN,cyclone,0.7,87,Cyclone Komen reports,Cholera outbreak followed
2015-07-28,43,1,2015_KOMEN,cyclone,0.7,87,Cyclone Komen reports,Cholera outbreak followed
2015-07-28,40,1,2015_KOMEN,cyclone,0.7,87,Cyclone Komen reports,Cholera outbreak followed
2015-07-28,37,1,2015_KOMEN,cyclone,0.7,87,Cyclone Komen reports,Cholera outbreak followed
2015-07-28,48,1,2015_KOMEN,cyclone,0.7,87,Cyclone Komen reports,Cholera outbreak followed
2015-07-28,39,1,2015_KOMEN,cyclone,0.7,87,Cyclone Komen reports,Cholera outbreak followed
2015-07-29,38,1,2015_KOMEN,cyclone,0.7,87,Cyclone Komen reports,Cholera outbreak followed
2015-07-29,44,1,2015_KOMEN,cyclone,0.7,87,Cyclone Komen reports,Cholera outbreak followed
2015-07-29,43,1,2015_KOMEN,cyclone,0.7,87,Cyclone Komen reports,Cholera outbreak followed
2015-07-29,40,1,2015_KOMEN,cyclone,0.7,87,Cyclone Komen reports,Cholera outbreak followed
2015-07-29,37,1,2015_KOMEN,cyclone,0.7,87,Cyclone Komen reports,Cholera outbreak followed
2015-07-29,48,1,2015_KOMEN,cyclone,0.7,87,Cyclone Komen reports,Cholera outbreak followed
2015-07-29,39,1,2015_KOMEN,cyclone,0.7,87,Cyclone Komen reports,Cholera outbreak followed
2015-07-30,38,1,2015_KOMEN,cyclone,0.7,87,Cyclone Komen reports,Cholera outbreak followed
2015-07-30,44,1,2015_KOMEN,cyclone,0.7,87,Cyclone Komen reports,Cholera outbreak followed
2015-07-30,43,1,2015_KOMEN,cyclone,0.7,87,Cyclone Komen reports,Cholera outbreak followed
2015-07-30,40,1,2015_KOMEN,cyclone,0.7,87,Cyclone Komen reports,Cholera outbreak followed
2015-07-30,37,1,2015_KOMEN,cyclone,0.7,87,Cyclone Komen reports,Cholera outbreak followed
2015-07-30,48,1,2015_KOMEN,cyclone,0.7,87,Cyclone Komen reports,Cholera outbreak followed
2015-07-30,39,1,2015_KOMEN,cyclone,0.7,87,Cyclone Komen reports,Cholera outbreak followed
2015-07-31,38,1,2015_KOMEN,cyclone,0.7,87,Cyclone Komen reports,Cholera outbreak followed
2015-07-31,44,1,2015_KOMEN,cyclone,0.7,87,Cyclone Komen reports,Cholera outbreak followed
2015-07-31,43,1,2015_KOMEN,cyclone,0.7,87,Cyclone Komen reports,Cholera outbreak followed
2015-07-31,40,1,2015_KOMEN,cyclone,0.7,87,Cyclone Komen reports,Cholera outbreak followed
2015-07-31,37,1,2015_KOMEN,cyclone,0.7,87,Cyclone Komen reports,Cholera outbreak followed
2015-07-31,48,1,2015_KOMEN,cyclone,0.7,87,Cyclone Komen reports,Cholera outbreak followed
2015-07-31,39,1,2015_KOMEN,cyclone,0.7,87,Cyclone Komen reports,Cholera outbreak followed
2015-08-01,38,1,2015_KOMEN,cyclone,0.7,87,Cyclone Komen reports,Cholera outbreak followed
2015-08-01,44,1,2015_KOMEN,cyclone,0.7,87,Cyclone Komen reports,Cholera outbreak followed
2015-08-01,43,1,2015_KOMEN,cyclone,0.7,87,Cyclone Komen reports,Cholera outbreak followed
2015-08-01,40,1,2015_KOMEN,cyclone,0.7,87,Cyclone Komen reports,Cholera outbreak followed
2015-08-01,37,1,2015_KOMEN,cyclone,0.7,87,Cyclone Komen reports,Cholera outbreak followed
2015-08-01,48,1,2015_KOMEN,cyclone,0.7,87,Cyclone Komen reports,Cholera outbreak followed
2015-08-01,39,1,2015_KOMEN,cyclone,0.7,87,Cyclone Komen reports,Cholera outbreak followed
2015-08-02,38,1,2015_KOMEN,cyclone,0.7,87,Cyclone Komen reports,Cholera outbreak followed
2015-08-02,44,1,2015_KOMEN,cyclone,0.7,87,Cyclone Komen reports,Cholera outbreak followed
2015-08-02,43,1,2015_KOMEN,cyclone,0.7,87,Cyclone Komen reports,Cholera outbreak followed
2015-08-02,40,1,2015_KOMEN,cyclone,0.7,87,Cyclone Komen reports,Cholera outbreak followed
2015-08-02,37,1,2015_KOMEN,cyclone,0.7,87,Cyclone Komen reports,Cholera outbreak followed
2015-08-02,48,1,2015_KOMEN,cyclone,0.7,87,Cyclone Komen reports,Cholera outbreak followed
2015-08-02,39,1,2015_KOMEN,cyclone,0.7,87,Cyclone Komen reports,Cholera outbreak followed
2017-07-20,124,1,2017_JULY_FLOOD,monsoon,0.8,142,"Government reports, news","70+ wards inundated, 50+ deaths, ₹553 crore damage"
2017-07-20,6,1,2017_JULY_FLOOD,monsoon,0.8,142,"Government reports, news","70+ wards inundated, 50+ deaths, ₹553 crore damage"
2017-07-20,49,1,2017_JULY_FLOOD,monsoon,0.8,142,"Government reports, news","70+ wards inundated, 50+ deaths, ₹553 crore damage"
2017-07-20,105,1,2017_JULY_FLOOD,monsoon,0.8,142,"Government reports, news","70+ wards inundated, 50+ deaths, ₹553 crore damage"
2017-07-20,34,1,2017_JULY_FLOOD,monsoon,0.8,142,"Government reports, news","70+ wards inundated, 50+ deaths, ₹553 crore damage"
2017-07-20,121,1,2017_JULY_FLOOD,monsoon,0.8,142,"Government reports, news","70+ wards inundated, 50+ deaths, ₹553 crore damage"
2017-07-20,136,1,2017_JULY_FLOOD,monsoon,0.8,142,"Government reports, news","70+ wards inundated, 50+ deaths, ₹553 crore damage"
2017-07-20,106,1,2017_JULY_FLOOD,monsoon,0.8,142,"Government reports, news","70+ wards inundated, 50+ deaths, ₹553 crore damage"
2017-07-20,135,1,2017_JULY_FLOOD,monsoon,0.8,142,"Government reports, news","70+ wards inundated, 50+ deaths, ₹553 crore damage"
2017-07-20,127,1,2017_JULY_FLOOD,monsoon,0.8,142,"Government reports, news","70+ wards inundated, 50+ deaths, ₹553 crore damage"
2017-07-20,7,1,2017_JULY_FLOOD,monsoon,0.8,142,"Government reports, news","70+ wards inundated, 50+ deaths, ₹553 crore damage"
2017-07-20,46,1,2017_JULY_FLOOD,monsoon,0.8,142,"Government reports, news","70+ wards inundated, 50+ deaths, ₹553 crore damage"
2017-07-20,126,1,2017_JULY_FLOOD,monsoon,0.8,142,"Government reports, news","70+ wards inundated, 50+ deaths, ₹553 crore damage"
2017-07-20,45,1,2017_JULY_FLOOD,monsoon,0.8,142,"Government reports, news","70+ wards inundated, 50+ deaths, ₹553 crore damage"
2017-07-20,33,1,2017_JULY_FLOOD,monsoon,0.8,142,"Government reports, news","70+ wards inundated, 50+ deaths, ₹553 crore damage"
2017-07-20,125,1,2017_JULY_FLOOD,monsoon,0.8,142,"Government reports, news","70+ wards inundated, 50+ deaths, ₹553 crore damage"
2017-07-20,128,1,2017_JULY_FLOOD,monsoon,0.8,142,"Government reports, news","70+ wards inundated, 50+ deaths, ₹553 crore damage"
2017-07-20,51,1,2017_JULY_FLOOD,monsoon,0.8,142,"Government reports, news","70+ wards inundated, 50+ deaths, ₹553 crore damage"
2017-07-20,122,1,2017_JULY_FLOOD,monsoon,0.8,142,"Government reports, news","70+ wards inundated, 50+ deaths, ₹553 crore damage"
2017-07-20,36,1,2017_JULY_FLOOD,monsoon,0.8,142,"Government reports, news","70+ wards inundated, 50+ deaths, ₹553 crore damage"
2017-07-20,123,1,2017_JULY_FLOOD,monsoon,0.8,142,"Government reports, news","70+ wards inundated, 50+ deaths, ₹553 crore damage"
2017-07-20,43,1,2017_JULY_FLOOD,monsoon,0.8,142,"Government reports, news","70+ wards inundated, 50+ deaths, ₹553 crore damage"
2017-07-20,129,1,2017_JULY_FLOOD,monsoon,0.8,142,"Government reports, news","70+ wards inundated, 50+ deaths, ₹553 crore damage"
2017-07-20,50,1,2017_JULY_FLOOD,monsoon,0.8,142,"Government reports, news","70+ wards inundated, 50+ deaths, ₹553 crore damage"
2017-07-20,107,1,2017_JULY_FLOOD,monsoon,0.8,142,"Government reports, news","70+ wards inundated, 50+ deaths, ₹553 crore damage"
2017-07-20,48,1,2017_JULY_FLOOD,monsoon,0.8,142,"Government reports, news","70+ wards inundated, 50+ deaths, ₹553 crore damage"
2017-07-20,109,1,2017_JULY_FLOOD,monsoon,0.8,142,"Government reports, news","70+ wards inundated, 50+ deaths, ₹553 crore damage"
2017-07-20,9,1,2017_JULY_FLOOD,monsoon,0.8,142,"Government reports, news","70+ wards inundated, 50+ deaths, ₹553 crore damage"
2017-07-20,120,1,2017_JULY_FLOOD,monsoon,0.8,142,"Government reports, news","70+ wards inundated, 50+ deaths, ₹553 crore damage"
2017-07-20,138,1,2017_JULY_FLOOD,monsoon,0.8,142,"Government reports, news","70+ wards inundated, 50+ deaths, ₹553 crore damage"
2017-07-20,137,1,2017_JULY_FLOOD,monsoon,0.8,142,"Government reports, news","70+ wards inundated, 50+ deaths, ₹553 crore damage"
2017-07-20,44,1,2017_JULY_FLOOD,monsoon,0.8,142,"Government reports, news","70+ wards inundated, 50+ deaths, ₹553 crore damage"
2017-07-20,35,1,2017_JULY_FLOOD,monsoon,0.8,142,"Government reports, news","70+ wards inundated, 50+ deaths, ₹553 crore damage"
2017-07-20,108,1,2017_JULY_FLOOD,monsoon,0.8,142,"Government reports, news","70+ wards inundated, 50+ deaths, ₹553 crore damage"
2017-07-20,8,1,2017_JULY_FLOOD,monsoon,0.8,142,"Government reports, news","70+ wards inundated, 50+ deaths, ₹553 crore damage"
2017-07-21,124,1,2017_JULY_FLOOD,monsoon,0.8,142,"Government reports, news","70+ wards inundated, 50+ deaths, ₹553 crore damage"
2017-07-21,6,1,2017_JULY_FLOOD,monsoon,0.8,142,"Government reports, news","70+ wards inundated, 50+ deaths, ₹553 crore damage"
2017-07-21,49,1,2017_JULY_FLOOD,monsoon,0.8,142,"Government reports, news","70+ wards inundated, 50+ deaths, ₹553 crore damage"
2017-07-21,105,1,2017_JULY_FLOOD,monsoon,0.8,142,"Government reports, news","70+ wards inundated, 50+ deaths, ₹553 crore damage"
2017-07-21,34,1,2017_JULY_FLOOD,monsoon,0.8,142,"Government reports, news","70+ wards inundated, 50+ deaths, ₹553 crore damage"
2017-07-21,121,1,2017_JULY_FLOOD,monsoon,0.8,142,"Government reports, news","70+ wards inundated, 50+ deaths, ₹553 crore damage"
2017-07-21,136,1,2017_JULY_FLOOD,monsoon,0.8,142,"Government reports, news","70+ wards inundated, 50+ deaths, ₹553 crore damage"
2017-07-21,106,1,2017_JULY_FLOOD,monsoon,0.8,142,"Government reports, news","70+ wards inundated, 50+ deaths, ₹553 crore damage"
2017-07-21,135,1,2017_JULY_FLOOD,monsoon,0.8,142,"Government reports, news","70+ wards inundated, 50+ deaths, ₹553 crore damage"
2017-07-21,127,1,2017_JULY_FLOOD,monsoon,0.8,142,"Government reports, news","70+ wards inundated, 50+ deaths, ₹553 crore damage"
2017-07-21,7,1,2017_JULY_FLOOD,monsoon,0.8,142,"Government reports, news","70+ wards inundated, 50+ deaths, ₹553 crore damage"
2017-07-21,46,1,2017_JULY_FLOOD,monsoon,0.8,142,"Government reports, news","70+ wards inundated, 50+ deaths, ₹553 crore damage"
2017-07-21,126,1,2017_JULY_FLOOD,monsoon,0.8,142,"Government reports, news","70+ wards inundated, 50+ deaths, ₹553 crore damage"
2017-07-21,45,1,2017_JULY_FLOOD,monsoon,0.8,142,"Government reports, news","70+ wards inundated, 50+ deaths, ₹553 crore damage"
2017-07-21,33,1,2017_JULY_FLOOD,monsoon,0.8,142,"Government reports, news","70+ wards inundated, 50+ deaths, ₹553 crore damage"
2017-07-21,125,1,2017_JULY_FLOOD,monsoon,0.8,142,"Government reports, news","70+ wards inundated, 50+ deaths, ₹553 crore damage"
2017-07-21,128,1,2017_JULY_FLOOD,monsoon,0.8,142,"Government reports, news","70+ wards inundated, 50+ deaths, ₹553 crore damage"
2017-07-21,51,1,2017_JULY_FLOOD,monsoon,0.8,142,"Government reports, news","70+ wards inundated, 50+ deaths, ₹553 crore damage"
2017-07-21,122,1,2017_JULY_FLOOD,monsoon,0.8,142,"Government reports, news","70+ wards inundated, 50+ deaths, ₹553 crore damage"
2017-07-21,36,1,2017_JULY_FLOOD,monsoon,0.8,142,"Government reports, news","70+ wards inundated, 50+ deaths, ₹553 crore damage"
2017-07-21,123,1,2017_JULY_FLOOD,monsoon,0.8,142,"Government reports, news","70+ wards inundated, 50+ deaths, ₹553 crore damage"
2017-07-21,43,1,2017_JULY_FLOOD,monsoon,0.8,142,"Government reports, news","70+ wards inundated, 50+ deaths, ₹553 crore damage"
2017-07-21,129,1,2017_JULY_FLOOD,monsoon,0.8,142,"Government reports, news","70+ wards inundated, 50+ deaths, ₹553 crore damage"
2017-07-21,50,1,2017_JULY_FLOOD,monsoon,0.8,142,"Government reports, news","70+ wards inundated, 50+ deaths, ₹553 crore damage"
2017-07-21,107,1,2017_JULY_FLOOD,monsoon,0.8,142,"Government reports, news","70+ wards inundated, 50+ deaths, ₹553 crore damage"
2017-07-21,48,1,2017_JULY_FLOOD,monsoon,0.8,142,"Government reports, news","70+ wards inundated, 50+ deaths, ₹553 crore damage"
2017-07-21,109,1,2017_JULY_FLOOD,monsoon,0.8,142,"Government reports, news","70+ wards inundated, 50+ deaths, ₹553 crore damage"
2017-07-21,9,1,2017_JULY_FLOOD,monsoon,0.8,142,"Government reports, news","70+ wards inundated, 50+ deaths, ₹553 crore damage"
2017-07-21,120,1,2017_JULY_FLOOD,monsoon,0.8,142,"Government reports, news","70+ wards inundated, 50+ deaths, ₹553 crore damage"
2017-07-21,138,1,2017_JULY_FLOOD,monsoon,0.8,142,"Government reports, news","70+ wards inundated, 50+ deaths, ₹553 crore damage"
2017-07-21,137,1,2017_JULY_FLOOD,monsoon,0.8,142,"Government reports, news","70+ wards inundated, 50+ deaths, ₹553 crore damage"
2017-07-21,44,1,2017_JULY_FLOOD,monsoon,0.8,142,"Government reports, news","70+ wards inundated, 50+ deaths, ₹553 crore damage"
2017-07-21,35,1,2017_JULY_FLOOD,monsoon,0.8,142,"Government reports, news","70+ wards inundated, 50+ deaths, ₹553 crore damage"
2017-07-21,108,1,2017_JULY_FLOOD,monsoon,0.8,142,"Government reports, news","70+ wards inundated, 50+ deaths, ₹553 crore damage"
2017-07-21,8,1,2017_JULY_FLOOD,monsoon,0.8,142,"Government reports, news","70+ wards inundated, 50+ deaths, ₹553 crore damage"
2017-07-22,124,1,2017_JULY_FLOOD,monsoon,0.8,142,"Government reports, news","70+ wards inundated, 50+ deaths, ₹553 crore damage"
2017-07-22,6,1,2017_JULY_FLOOD,monsoon,0.8,142,"Government reports, news","70+ wards inundated, 50+ deaths, ₹553 crore damage"
2017-07-22,49,1,2017_JULY_FLOOD,monsoon,0.8,142,"Government reports, news","70+ wards inundated, 50+ deaths, ₹553 crore damage"
2017-07-22,105,1,2017_JULY_FLOOD,monsoon,0.8,142,"Government reports, news","70+ wards inundated, 50+ deaths, ₹553 crore damage"
2017-07-22,34,1,2017_JULY_FLOOD,monsoon,0.8,142,"Government reports, news","70+ wards inundated, 50+ deaths, ₹553 crore damage"
2017-07-22,121,1,2017_JULY_FLOOD,monsoon,0.8,142,"Government reports, news","70+ wards inundated, 50+ deaths, ₹553 crore damage"
2017-07-22,136,1,2017_JULY_FLOOD,monsoon,0.8,142,"Government reports, news","70+ wards inundated, 50+ deaths, ₹553 crore damage"
2017-07-22,106,1,2017_JULY_FLOOD,monsoon,0.8,142,"Government reports, news","70+ wards inundated, 50+ deaths, ₹553 crore damage"
2017-07-22,135,1,2017_JULY_FLOOD,monsoon,0.8,142,"Government reports, news","70+ wards inundated, 50+ deaths, ₹553 crore damage"
2017-07-22,127,1,2017_JULY_FLOOD,monsoon,0.8,142,"Government reports, news","70+ wards inundated, 50+ deaths, ₹553 crore damage"
2017-07-22,7,1,2017_JULY_FLOOD,monsoon,0.8,142,"Government reports, news","70+ wards inundated, 50+ deaths, ₹553 crore damage"
2017-07-22,46,1,2017_JULY_FLOOD,monsoon,0.8,142,"Government reports, news","70+ wards inundated, 50+ deaths, ₹553 crore damage"
2017-07-22,126,1,2017_JULY_FLOOD,monsoon,0.8,142,"Government reports, news","70+ wards inundated, 50+ deaths, ₹553 crore damage"
2017-07-22,45,1,2017_JULY_FLOOD,monsoon,0.8,142,"Government reports, news","70+ wards inundated, 50+ deaths, ₹553 crore damage"
2017-07-22,33,1,2017_JULY_FLOOD,monsoon,0.8,142,"Government reports, news","70+ wards inundated, 50+ deaths, ₹553 crore damage"
2017-07-22,125,1,2017_JULY_FLOOD,monsoon,0.8,142,"Government reports, news","70+ wards inundated, 50+ deaths, ₹553 crore damage"
2017-07-22,128,1,2017_JULY_FLOOD,monsoon,0.8,142,"Government reports, news","70+ wards inundated, 50+ deaths, ₹553 crore damage"
2017-07-22,51,1,2017_JULY_FLOOD,monsoon,0.8,142,"Government reports, news","70+ wards inundated, 50+ deaths, ₹553 crore damage"
2017-07-22,122,1,2017_JULY_FLOOD,monsoon,0.8,142,"Government reports, news","70+ wards inundated, 50+ deaths, ₹553 crore damage"
2017-07-22,36,1,2017_JULY_FLOOD,monsoon,0.8,142,"Government reports, news","70+ wards inundated, 50+ deaths, ₹553 crore damage"
2017-07-22,123,1,2017_JULY_FLOOD,monsoon,0.8,142,"Government reports, news","70+ wards inundated, 50+ deaths, ₹553 crore damage"
2017-07-22,43,1,2017_JULY_FLOOD,monsoon,0.8,142,"Government reports, news","70+ wards inundated, 50+ deaths, ₹553 crore damage"
2017-07-22,129,1,2017_JULY_FLOOD,monsoon,0.8,142,"Government reports, news","70+ wards inundated, 50+ deaths, ₹553 crore damage"
2017-07-22,50,1,2017_JULY_FLOOD,monsoon,0.8,142,"Government reports, news","70+ wards inundated, 50+ deaths, ₹553 crore damage"
2017-07-22,107,1,2017_JULY_FLOOD,monsoon,0.8,142,"Government reports, news","70+ wards inundated, 50+ deaths, ₹553 crore damage"
2017-07-22,48,1,2017_JULY_FLOOD,monsoon,0.8,142,"Government reports, news","70+ wards inundated, 50+ deaths, ₹553 crore damage"
2017-07-22,109,1,2017_JULY_FLOOD,monsoon,0.8,142,"Government reports, news","70+ wards inundated, 50+ deaths, ₹553 crore damage"
2017-07-22,9,1,2017_JULY_FLOOD,monsoon,0.8,142,"Government reports, news","70+ wards inundated, 50+ deaths, ₹553 crore damage"
2017-07-22,120,1,2017_JULY_FLOOD,monsoon,0.8,142,"Government reports, news","70+ wards inundated, 50+ deaths, ₹553 crore damage"
2017-07-22,138,1,2017_JULY_FLOOD,monsoon,0.8,142,"Government reports, news","70+ wards inundated, 50+ deaths, ₹553 crore damage"
2017-07-22,137,1,2017_JULY_FLOOD,monsoon,0.8,142,"Government reports, news","70+ wards inundated, 50+ deaths, ₹553 crore damage"
2017-07-22,44,1,2017_JULY_FLOOD,monsoon,0.8,142,"Government reports, news","70+ wards inundated, 50+ deaths, ₹553 crore damage"
2017-07-22,35,1,2017_JULY_FLOOD,monsoon,0.8,142,"Government reports, news","70+ wards inundated, 50+ deaths, ₹553 crore damage"
2017-07-22,108,1,2017_JULY_FLOOD,monsoon,0.8,142,"Government reports, news","70+ wards inundated, 50+ deaths, ₹553 crore damage"
2017-07-22,8,1,2017_JULY_FLOOD,monsoon,0.8,142,"Government reports, news","70+ wards inundated, 50+ deaths, ₹553 crore damage"
2017-07-23,124,1,2017_JULY_FLOOD,monsoon,0.8,142,"Government reports, news","70+ wards inundated, 50+ deaths, ₹553 crore damage"
2017-07-23,6,1,2017_JULY_FLOOD,monsoon,0.8,142,"Government reports, news","70+ wards inundated, 50+ deaths, ₹553 crore damage"
2017-07-23,49,1,2017_JULY_FLOOD,monsoon,0.8,142,"Government reports, news","70+ wards inundated, 50+ deaths, ₹553 crore damage"
2017-07-23,105,1,2017_JULY_FLOOD,monsoon,0.8,142,"Government reports, news","70+ wards inundated, 50+ deaths, ₹553 crore damage"
2017-07-23,34,1,2017_JULY_FLOOD,monsoon,0.8,142,"Government reports, news","70+ wards inundated, 50+ deaths, ₹553 crore damage"
2017-07-23,121,1,2017_JULY_FLOOD,monsoon,0.8,142,"Government reports, news","70+ wards inundated, 50+ deaths, ₹553 crore damage"
2017-07-23,136,1,2017_JULY_FLOOD,monsoon,0.8,142,"Government reports, news","70+ wards inundated, 50+ deaths, ₹553 crore damage"
2017-07-23,106,1,2017_JULY_FLOOD,monsoon,0.8,142,"Government reports, news","70+ wards inundated, 50+ deaths, ₹553 crore damage"
2017-07-23,135,1,2017_JULY_FLOOD,monsoon,0.8,142,"Government reports, news","70+ wards inundated, 50+ deaths, ₹553 crore damage"
2017-07-23,127,1,2017_JULY_FLOOD,monsoon,0.8,142,"Government reports, news","70+ wards inundated, 50+ deaths, ₹553 crore damage"
2017-07-23,7,1,2017_JULY_FLOOD,monsoon,0.8,142,"Government reports, news","70+ wards inundated, 50+ deaths, ₹553 crore damage"
2017-07-23,46,1,2017_JULY_FLOOD,monsoon,0.8,142,"Government reports, news","70+ wards inundated, 50+ deaths, ₹553 crore damage"
2017-07-23,126,1,2017_JULY_FLOOD,monsoon,0.8,142,"Government reports, news","70+ wards inundated, 50+ deaths, ₹553 crore damage"
2017-07-23,45,1,2017_JULY_FLOOD,monsoon,0.8,142,"Government reports, news","70+ wards inundated, 50+ deaths, ₹553 crore damage"
2017-07-23,33,1,2017_JULY_FLOOD,monsoon,0.8,142,"Government reports, news","70+ wards inundated, 50+ deaths, ₹553 crore damage"
2017-07-23,125,1,2017_JULY_FLOOD,monsoon,0.8,142,"Government reports, news","70+ wards inundated, 50+ deaths, ₹553 crore damage"
2017-07-23,128,1,2017_JULY_FLOOD,monsoon,0.8,142,"Government reports, news","70+ wards inundated, 50+ deaths, ₹553 crore damage"
2017-07-23,51,1,2017_JULY_FLOOD,monsoon,0.8,142,"Government reports, news","70+ wards inundated, 50+ deaths, ₹553 crore damage"
2017-07-23,122,1,2017_JULY_FLOOD,monsoon,0.8,142,"Government reports, news","70+ wards inundated, 50+ deaths, ₹553 crore damage"
2017-07-23,36,1,2017_JULY_FLOOD,monsoon,0.8,142,"Government reports, news","70+ wards inundated, 50+ deaths, ₹553 crore damage"
2017-07-23,123,1,2017_JULY_FLOOD,monsoon,0.8,142,"Government reports, news","70+ wards inundated, 50+ deaths, ₹553 crore damage"
2017-07-23,43,1,2017_JULY_FLOOD,monsoon,0.8,142,"Government reports, news","70+ wards inundated, 50+ deaths, ₹553 crore damage"
2017-07-23,129,1,2017_JULY_FLOOD,monsoon,0.8,142,"Government reports, news","70+ wards inundated, 50+ deaths, ₹553 crore damage"
2017-07-23,50,1,2017_JULY_FLOOD,monsoon,0.8,142,"Government reports, news","70+ wards inundated, 50+ deaths, ₹553 crore damage"
2017-07-23,107,1,2017_JULY_FLOOD,monsoon,0.8,142,"Government reports, news","70+ wards inundated, 50+ deaths, ₹553 crore damage"
2017-07-23,48,1,2017_JULY_FLOOD,monsoon,0.8,142,"Government reports, news","70+ wards inundated, 50+ deaths, ₹553 crore damage"
2017-07-23,109,1,2017_JULY_FLOOD,monsoon,0.8,142,"Government reports, news","70+ wards inundated, 50+ deaths, ₹553 crore damage"
2017-07-23,9,1,2017_JULY_FLOOD,monsoon,0.8,142,"Government reports, news","70+ wards inundated, 50+ deaths, ₹553 crore damage"
2017-07-23,120,1,2017_JULY_FLOOD,monsoon,0.8,142,"Government reports, news","70+ wards inundated, 50+ deaths, ₹553 crore damage"
2017-07-23,138,1,2017_JULY_FLOOD,monsoon,0.8,142,"Government reports, news","70+ wards inundated, 50+ deaths, ₹553 crore damage"
2017-07-23,137,1,2017_JULY_FLOOD,monsoon,0.8,142,"Government reports, news","70+ wards inundated, 50+ deaths, ₹553 crore damage"
2017-07-23,44,1,2017_JULY_FLOOD,monsoon,0.8,142,"Government reports, news","70+ wards inundated, 50+ deaths, ₹553 crore damage"
2017-07-23,35,1,2017_JULY_FLOOD,monsoon,0.8,142,"Government reports, news","70+ wards inundated, 50+ deaths, ₹553 crore damage"
2017-07-23,108,1,2017_JULY_FLOOD,monsoon,0.8,142,"Government reports, news","70+ wards inundated, 50+ deaths, ₹553 crore damage"
2017-07-23,8,1,2017_JULY_FLOOD,monsoon,0.8,142,"Government reports, news","70+ wards inundated, 50+ deaths, ₹553 crore damage"
2017-07-24,124,1,2017_JULY_FLOOD,monsoon,0.8,142,"Government reports, news","70+ wards inundated, 50+ deaths, ₹553 crore damage"
2017-07-24,6,1,2017_JULY_FLOOD,monsoon,0.8,142,"Government reports, news","70+ wards inundated, 50+ deaths, ₹553 crore damage"
2017-07-24,49,1,2017_JULY_FLOOD,monsoon,0.8,142,"Government reports, news","70+ wards inundated, 50+ deaths, ₹553 crore damage"
2017-07-24,105,1,2017_JULY_FLOOD,monsoon,0.8,142,"Government reports, news","70+ wards inundated, 50+ deaths, ₹553 crore damage"
2017-07-24,34,1,2017_JULY_FLOOD,monsoon,0.8,142,"Government reports, news","70+ wards inundated, 50+ deaths, ₹553 crore damage"
2017-07-24,121,1,2017_JULY_FLOOD,monsoon,0.8,142,"Government reports, news","70+ wards inundated, 50+ deaths, ₹553 crore damage"
2017-07-24,136,1,2017_JULY_FLOOD,monsoon,0.8,142,"Government reports, news","70+ wards inundated, 50+ deaths, ₹553 crore damage"
2017-07-24,106,1,2017_JULY_FLOOD,monsoon,0.8,142,"Government reports, news","70+ wards inundated, 50+ deaths, ₹553 crore damage"
2017-07-24,135,1,2017_JULY_FLOOD,monsoon,0.8,142,"Government reports, news","70+ wards inundated, 50+ deaths, ₹553 crore damage"
2017-07-24,127,1,2017_JULY_FLOOD,monsoon,0.8,142,"Government reports, news","70+ wards inundated, 50+ deaths, ₹553 crore damage"
2017-07-24,7,1,2017_JULY_FLOOD,monsoon,0.8,142,"Government reports, news","70+ wards inundated, 50+ deaths, ₹553 crore damage"
2017-07-24,46,1,2017_JULY_FLOOD,monsoon,0.8,142,"Government reports, news","70+ wards inundated, 50+ deaths, ₹553 crore damage"
2017-07-24,126,1,2017_JULY_FLOOD,monsoon,0.8,142,"Government reports, news","70+ wards inundated, 50+ deaths, ₹553 crore damage"
2017-07-24,45,1,2017_JULY_FLOOD,monsoon,0.8,142,"Government reports, news","70+ wards inundated, 50+ deaths, ₹553 crore damage"
2017-07-24,33,1,2017_JULY_FLOOD,monsoon,0.8,142,"Government reports, news","70+ wards inundated, 50+ deaths, ₹553 crore damage"
2017-07-24,125,1,2017_JULY_FLOOD,monsoon,0.8,142,"Government reports, news","70+ wards inundated, 50+ deaths, ₹553 crore damage"
2017-07-24,128,1,2017_JULY_FLOOD,monsoon,0.8,142,"Government reports, news","70+ wards inundated, 50+ deaths, ₹553 crore damage"
2017-07-24,51,1,2017_JULY_FLOOD,monsoon,0.8,142,"Government reports, news","70+ wards inundated, 50+ deaths, ₹553 crore damage"
2017-07-24,122,1,2017_JULY_FLOOD,monsoon,0.8,142,"Government reports, news","70+ wards inundated, 50+ deaths, ₹553 crore damage"
2017-07-24,36,1,2017_JULY_FLOOD,monsoon,0.8,142,"Government reports, news","70+ wards inundated, 50+ deaths, ₹553 crore damage"
2017-07-24,123,1,2017_JULY_FLOOD,monsoon,0.8,142,"Government reports, news","70+ wards inundated, 50+ deaths, ₹553 crore damage"
2017-07-24,43,1,2017_JULY_FLOOD,monsoon,0.8,142,"Government reports, news","70+ wards inundated, 50+ deaths, ₹553 crore damage"
2017-07-24,129,1,2017_JULY_FLOOD,monsoon,0.8,142,"Government reports, news","70+ wards inundated, 50+ deaths, ₹553 crore damage"
2017-07-24,50,1,2017_JULY_FLOOD,monsoon,0.8,142,"Government reports, news","70+ wards inundated, 50+ deaths, ₹553 crore damage"
2017-07-24,107,1,2017_JULY_FLOOD,monsoon,0.8,142,"Government reports, news","70+ wards inundated, 50+ deaths, ₹553 crore damage"
2017-07-24,48,1,2017_JULY_FLOOD,monsoon,0.8,142,"Government reports, news","70+ wards inundated, 50+ deaths, ₹553 crore damage"
2017-07-24,109,1,2017_JULY_FLOOD,monsoon,0.8,142,"Government reports, news","70+ wards inundated, 50+ deaths, ₹553 crore damage"
2017-07-24,9,1,2017_JULY_FLOOD,monsoon,0.8,142,"Government reports, news","70+ wards inundated, 50+ deaths, ₹553 crore damage"
2017-07-24,120,1,2017_JULY_FLOOD,monsoon,0.8,142,"Government reports, news","70+ wards inundated, 50+ deaths, ₹553 crore damage"
2017-07-24,138,1,2017_JULY_FLOOD,monsoon,0.8,142,"Government reports, news","70+ wards inundated, 50+ deaths, ₹553 crore damage"
2017-07-24,137,1,2017_JULY_FLOOD,monsoon,0.8,142,"Government reports, news","70+ wards inundated, 50+ deaths, ₹553 crore damage"
2017-07-24,44,1,2017_JULY_FLOOD,monsoon,0.8,142,"Government reports, news","70+ wards inundated, 50+ deaths, ₹553 crore damage"
2017-07-24,35,1,2017_JULY_FLOOD,monsoon,0.8,142,"Government reports, news","70+ wards inundated, 50+ deaths, ₹553 crore damage"
2017-07-24,108,1,2017_JULY_FLOOD,monsoon,0.8,142,"Government reports, news","70+ wards inundated, 50+ deaths, ₹553 crore damage"
2017-07-24,8,1,2017_JULY_FLOOD,monsoon,0.8,142,"Government reports, news","70+ wards inundated, 50+ deaths, ₹553 crore damage"
2017-07-25,124,1,2017_JULY_FLOOD,monsoon,0.8,142,"Government reports, news","70+ wards inundated, 50+ deaths, ₹553 crore damage"
2017-07-25,6,1,2017_JULY_FLOOD,monsoon,0.8,142,"Government reports, news","70+ wards inundated, 50+ deaths, ₹553 crore damage"
2017-07-25,49,1,2017_JULY_FLOOD,monsoon,0.8,142,"Government reports, news","70+ wards inundated, 50+ deaths, ₹553 crore damage"
2017-07-25,105,1,2017_JULY_FLOOD,monsoon,0.8,142,"Government reports, news","70+ wards inundated, 50+ deaths, ₹553 crore damage"
2017-07-25,34,1,2017_JULY_FLOOD,monsoon,0.8,142,"Government reports, news","70+ wards inundated, 50+ deaths, ₹553 crore damage"
2017-07-25,121,1,2017_JULY_FLOOD,monsoon,0.8,142,"Government reports, news","70+ wards inundated, 50+ deaths, ₹553 crore damage"
2017-07-25,136,1,2017_JULY_FLOOD,monsoon,0.8,142,"Government reports, news","70+ wards inundated, 50+ deaths, ₹553 crore damage"
2017-07-25,106,1,2017_JULY_FLOOD,monsoon,0.8,142,"Government reports, news","70+ wards inundated, 50+ deaths, ₹553 crore damage"
2017-07-25,135,1,2017_JULY_FLOOD,monsoon,0.8,142,"Government reports, news","70+ wards inundated, 50+ deaths, ₹553 crore damage"
2017-07-25,127,1,2017_JULY_FLOOD,monsoon,0.8,142,"Government reports, news","70+ wards inundated, 50+ deaths, ₹553 crore damage"
2017-07-25,7,1,2017_JULY_FLOOD,monsoon,0.8,142,"Government reports, news","70+ wards inundated, 50+ deaths, ₹553 crore damage"
2017-07-25,46,1,2017_JULY_FLOOD,monsoon,0.8,142,"Government reports, news","70+ wards inundated, 50+ deaths, ₹553 crore damage"
2017-07-25,126,1,2017_JULY_FLOOD,monsoon,0.8,142,"Government reports, news","70+ wards inundated, 50+ deaths, ₹553 crore damage"
2017-07-25,45,1,2017_JULY_FLOOD,monsoon,0.8,142,"Government reports, news","70+ wards inundated, 50+ deaths, ₹553 crore damage"
2017-07-25,33,1,2017_JULY_FLOOD,monsoon,0.8,142,"Government reports, news","70+ wards inundated, 50+ deaths, ₹553 crore damage"
2017-07-25,125,1,2017_JULY_FLOOD,monsoon,0.8,142,"Government reports, news","70+ wards inundated, 50+ deaths, ₹553 crore damage"
2017-07-25,128,1,2017_JULY_FLOOD,monsoon,0.8,142,"Government reports, news","70+ wards inundated, 50+ deaths, ₹553 crore damage"
2017-07-25,51,1,2017_JULY_FLOOD,monsoon,0.8,142,"Government reports, news","70+ wards inundated, 50+ deaths, ₹553 crore damage"
2017-07-25,122,1,2017_JULY_FLOOD,monsoon,0.8,142,"Government reports, news","70+ wards inundated, 50+ deaths, ₹553 crore damage"
2017-07-25,36,1,2017_JULY_FLOOD,monsoon,0.8,142,"Government reports, news","70+ wards inundated, 50+ deaths, ₹553 crore damage"
2017-07-25,123,1,2017_JULY_FLOOD,monsoon,0.8,142,"Government reports, news","70+ wards inundated, 50+ deaths, ₹553 crore damage"
2017-07-25,43,1,2017_JULY_FLOOD,monsoon,0.8,142,"Government reports, news","70+ wards inundated, 50+ deaths, ₹553 crore damage"
2017-07-25,129,1,2017_JULY_FLOOD,monsoon,0.8,142,"Government reports, news","70+ wards inundated, 50+ deaths, ₹553 crore damage"
2017-07-25,50,1,2017_JULY_FLOOD,monsoon,0.8,142,"Government reports, news","70+ wards inundated, 50+ deaths, ₹553 crore damage"
2017-07-25,107,1,2017_JULY_FLOOD,monsoon,0.8,142,"Government reports, news","70+ wards inundated, 50+ deaths, ₹553 crore damage"
2017-07-25,48,1,2017_JULY_FLOOD,monsoon,0.8,142,"Government reports, news","70+ wards inundated, 50+ deaths, ₹553 crore damage"
2017-07-25,109,1,2017_JULY_FLOOD,monsoon,0.8,142,"Government reports, news","70+ wards inundated, 50+ deaths, ₹553 crore damage"
2017-07-25,9,1,2017_JULY_FLOOD,monsoon,0.8,142,"Government reports, news","70+ wards inundated, 50+ deaths, ₹553 crore damage"
2017-07-25,120,1,2017_JULY_FLOOD,monsoon,0.8,142,"Government reports, news","70+ wards inundated, 50+ deaths, ₹553 crore damage"
2017-07-25,138,1,2017_JULY_FLOOD,monsoon,0.8,142,"Government reports, news","70+ wards inundated, 50+ deaths, ₹553 crore damage"
2017-07-25,137,1,2017_JULY_FLOOD,monsoon,0.8,142,"Government reports, news","70+ wards inundated, 50+ deaths, ₹553 crore damage"
2017-07-25,44,1,2017_JULY_FLOOD,monsoon,0.8,142,"Government reports, news","70+ wards inundated, 50+ deaths, ₹553 crore damage"
2017-07-25,35,1,2017_JULY_FLOOD,monsoon,0.8,142,"Government reports, news","70+ wards inundated, 50+ deaths, ₹553 crore damage"
2017-07-25,108,1,2017_JULY_FLOOD,monsoon,0.8,142,"Government reports, news","70+ wards inundated, 50+ deaths, ₹553 crore damage"
2017-07-25,8,1,2017_JULY_FLOOD,monsoon,0.8,142,"Government reports, news","70+ wards inundated, 50+ deaths, ₹553 crore damage"
2017-07-26,124,1,2017_JULY_FLOOD,monsoon,0.8,142,"Government reports, news","70+ wards inundated, 50+ deaths, ₹553 crore damage"
2017-07-26,6,1,2017_JULY_FLOOD,monsoon,0.8,142,"Government reports, news","70+ wards inundated, 50+ deaths, ₹553 crore damage"
2017-07-26,49,1,2017_JULY_FLOOD,monsoon,0.8,142,"Government reports, news","70+ wards inundated, 50+ deaths, ₹553 crore damage"
2017-07-26,105,1,2017_JULY_FLOOD,monsoon,0.8,142,"Government reports, news","70+ wards inundated, 50+ deaths, ₹553 crore damage"
2017-07-26,34,1,2017_JULY_FLOOD,monsoon,0.8,142,"Government reports, news","70+ wards inundated, 50+ deaths, ₹553 crore damage"
2017-07-26,121,1,2017_JULY_FLOOD,monsoon,0.8,142,"Government reports, news","70+ wards inundated, 50+ deaths, ₹553 crore damage"
2017-07-26,136,1,2017_JULY_FLOOD,monsoon,0.8,142,"Government reports, news","70+ wards inundated, 50+ deaths, ₹553 crore damage"
2017-07-26,106,1,2017_JULY_FLOOD,monsoon,0.8,142,"Government reports, news","70+ wards inundated, 50+ deaths, ₹553 crore damage"
2017-07-26,135,1,2017_JULY_FLOOD,monsoon,0.8,142,"Government reports, news","70+ wards inundated, 50+ deaths, ₹553 crore damage"
2017-07-26,127,1,2017_JULY_FLOOD,monsoon,0.8,142,"Government reports, news","70+ wards inundated, 50+ deaths, ₹553 crore damage"
2017-07-26,7,1,2017_JULY_FLOOD,monsoon,0.8,142,"Government reports, news","70+ wards inundated, 50+ deaths, ₹553 crore damage"
2017-07-26,46,1,2017_JULY_FLOOD,monsoon,0.8,142,"Government reports, news","70+ wards inundated, 50+ deaths, ₹553 crore damage"
2017-07-26,126,1,2017_JULY_FLOOD,monsoon,0.8,142,"Government reports, news","70+ wards inundated, 50+ deaths, ₹553 crore damage"
2017-07-26,45,1,2017_JULY_FLOOD,monsoon,0.8,142,"Government reports, news","70+ wards inundated, 50+ deaths, ₹553 crore damage"
2017-07-26,33,1,2017_JULY_FLOOD,monsoon,0.8,142,"Government reports, news","70+ wards inundated, 50+ deaths, ₹553 crore damage"
2017-07-26,125,1,2017_JULY_FLOOD,monsoon,0.8,142,"Government reports, news","70+ wards inundated, 50+ deaths, ₹553 crore damage"
2017-07-26,128,1,2017_JULY_FLOOD,monsoon,0.8,142,"Government reports, news","70+ wards inundated, 50+ deaths, ₹553 crore damage"
2017-07-26,51,1,2017_JULY_FLOOD,monsoon,0.8,142,"Government reports, news","70+ wards inundated, 50+ deaths, ₹553 crore damage"
2017-07-26,122,1,2017_JULY_FLOOD,monsoon,0.8,142,"Government reports, news","70+ wards inundated, 50+ deaths, ₹553 crore damage"
2017-07-26,36,1,2017_JULY_FLOOD,monsoon,0.8,142,"Government reports, news","70+ wards inundated, 50+ deaths, ₹553 crore damage"
2017-07-26,123,1,2017_JULY_FLOOD,monsoon,0.8,142,"Government reports, news","70+ wards inundated, 50+ deaths, ₹553 crore damage"
2017-07-26,43,1,2017_JULY_FLOOD,monsoon,0.8,142,"Government reports, news","70+ wards inundated, 50+ deaths, ₹553 crore damage"
2017-07-26,129,1,2017_JULY_FLOOD,monsoon,0.8,142,"Government reports, news","70+ wards inundated, 50+ deaths, ₹553 crore damage"
2017-07-26,50,1,2017_JULY_FLOOD,monsoon,0.8,142,"Government reports, news","70+ wards inundated, 50+ deaths, ₹553 crore damage"
2017-07-26,107,1,2017_JULY_FLOOD,monsoon,0.8,142,"Government reports, news","70+ wards inundated, 50+ deaths, ₹553 crore damage"
2017-07-26,48,1,2017_JULY_FLOOD,monsoon,0.8,142,"Government reports, news","70+ wards inundated, 50+ deaths, ₹553 crore damage"
2017-07-26,109,1,2017_JULY_FLOOD,monsoon,0.8,142,"Government reports, news","70+ wards inundated, 50+ deaths, ₹553 crore damage"
2017-07-26,9,1,2017_JULY_FLOOD,monsoon,0.8,142,"Government reports, news","70+ wards inundated, 50+ deaths, ₹553 crore damage"
2017-07-26,120,1,2017_JULY_FLOOD,monsoon,0.8,142,"Government reports, news","70+ wards inundated, 50+ deaths, ₹553 crore damage"
2017-07-26,138,1,2017_JULY_FLOOD,monsoon,0.8,142,"Government reports, news","70+ wards inundated, 50+ deaths, ₹553 crore damage"
2017-07-26,137,1,2017_JULY_FLOOD,monsoon,0.8,142,"Government reports, news","70+ wards inundated, 50+ deaths, ₹553 crore damage"
2017-07-26,44,1,2017_JULY_FLOOD,monsoon,0.8,142,"Government reports, news","70+ wards inundated, 50+ deaths, ₹553 crore damage"
2017-07-26,35,1,2017_JULY_FLOOD,monsoon,0.8,142,"Government reports, news","70+ wards inundated, 50+ deaths, ₹553 crore damage"
2017-07-26,108,1,2017_JULY_FLOOD,monsoon,0.8,142,"Government reports, news","70+ wards inundated, 50+ deaths, ₹553 crore damage"
2017-07-26,8,1,2017_JULY_FLOOD,monsoon,0.8,142,"Government reports, news","70+ wards inundated, 50+ deaths, ₹553 crore damage"
2018-06-12,44,1,2018_JUNE,monsoon,0.6,100,News reports,High tide coincidence
2018-06-12,43,1,2018_JUNE,monsoon,0.6,100,News reports,High tide coincidence
2018-06-12,75,1,2018_JUNE,monsoon,0.6,100,News reports,High tide coincidence
2018-06-12,48,1,2018_JUNE,monsoon,0.6,100,News reports,High tide coincidence
2018-06-12,76,1,2018_JUNE,monsoon,0.6,100,News reports,High tide coincidence
2018-06-12,74,1,2018_JUNE,monsoon,0.6,100,News reports,High tide coincidence
2019-08-16,114,1,2019_AUG,monsoon,1.0,80,KMC records,Churial Canal undredged due to contractor insolvency
2019-08-16,122,1,2019_AUG,monsoon,1.0,80,KMC records,Churial Canal undredged due to contractor insolvency
2019-08-16,109,1,2019_AUG,monsoon,1.0,80,KMC records,Churial Canal undredged due to contractor insolvency
2019-08-16,111,1,2019_AUG,monsoon,1.0,80,KMC records,Churial Canal undredged due to contractor insolvency
2019-08-16,127,1,2019_AUG,monsoon,1.0,80,KMC records,Churial Canal undredged due to contractor insolvency
2019-08-17,114,1,2019_AUG,monsoon,1.0,80,KMC records,Churial Canal undredged due to contractor insolvency
2019-08-17,122,1,2019_AUG,monsoon,1.0,80,KMC records,Churial Canal undredged due to contractor insolvency
2019-08-17,109,1,2019_AUG,monsoon,1.0,80,KMC records,Churial Canal undredged due to contractor insolvency
2019-08-17,111,1,2019_AUG,monsoon,1.0,80,KMC records,Churial Canal undredged due to contractor insolvency
2019-08-17,127,1,2019_AUG,monsoon,1.0,80,KMC records,Churial Canal undredged due to contractor insolvency
2019-11-09,63,1,2019_BULBUL,cyclone,0.7,166,Cyclone reports,"Wind damage primary, 1 death in Kolkata"
2019-11-09,64,1,2019_BULBUL,cyclone,0.7,166,Cyclone reports,"Wind damage primary, 1 death in Kolkata"
2019-11-09,66,1,2019_BULBUL,cyclone,0.7,166,Cyclone reports,"Wind damage primary, 1 death in Kolkata"
2019-11-09,65,1,2019_BULBUL,cyclone,0.7,166,Cyclone reports,"Wind damage primary, 1 death in Kolkata"
2019-11-09,67,1,2019_BULBUL,cyclone,0.7,166,Cyclone reports,"Wind damage primary, 1 death in Kolkata"
2019-11-10,63,1,2019_BULBUL,cyclone,0.7,166,Cyclone reports,"Wind damage primary, 1 death in Kolkata"
2019-11-10,64,1,2019_BULBUL,cyclone,0.7,166,Cyclone reports,"Wind damage primary, 1 death in Kolkata"
2019-11-10,66,1,2019_BULBUL,cyclone,0.7,166,Cyclone reports,"Wind damage primary, 1 death in Kolkata"
2019-11-10,65,1,2019_BULBUL,cyclone,0.7,166,Cyclone reports,"Wind damage primary, 1 death in Kolkata"
2019-11-10,67,1,2019_BULBUL,cyclone,0.7,166,Cyclone reports,"Wind damage primary, 1 death in Kolkata"
2020-05-20,124,1,2020_AMPHAN,cyclone,0.9,236,"Government reports, satellite imagery","Costliest cyclone in N Indian Ocean, 6.6 sq.km inundated, 19 deaths in Kolkata"
2020-05-20,6,1,2020_AMPHAN,cyclone,0.9,236,"Government reports, satellite imagery","Costliest cyclone in N Indian Ocean, 6.6 sq.km inundated, 19 deaths in Kolkata"
2020-05-20,49,1,2020_AMPHAN,cyclone,0.9,236,"Government reports, satellite imagery","Costliest cyclone in N Indian Ocean, 6.6 sq.km inundated, 19 deaths in Kolkata"
2020-05-20,34,1,2020_AMPHAN,cyclone,0.9,236,"Government reports, satellite imagery","Costliest cyclone in N Indian Ocean, 6.6 sq.km inundated, 19 deaths in Kolkata"
2020-05-20,91,1,2020_AMPHAN,cyclone,0.9,236,"Government reports, satellite imagery","Costliest cyclone in N Indian Ocean, 6.6 sq.km inundated, 19 deaths in Kolkata"
2020-05-20,121,1,2020_AMPHAN,cyclone,0.9,236,"Government reports, satellite imagery","Costliest cyclone in N Indian Ocean, 6.6 sq.km inundated, 19 deaths in Kolkata"
2020-05-20,136,1,2020_AMPHAN,cyclone,0.9,236,"Government reports, satellite imagery","Costliest cyclone in N Indian Ocean, 6.6 sq.km inundated, 19 deaths in Kolkata"
2020-05-20,66,1,2020_AMPHAN,cyclone,0.9,236,"Government reports, satellite imagery","Costliest cyclone in N Indian Ocean, 6.6 sq.km inundated, 19 deaths in Kolkata"
2020-05-20,117,1,2020_AMPHAN,cyclone,0.9,236,"Government reports, satellite imagery","Costliest cyclone in N Indian Ocean, 6.6 sq.km inundated, 19 deaths in Kolkata"
2020-05-20,106,1,2020_AMPHAN,cyclone,0.9,236,"Government reports, satellite imagery","Costliest cyclone in N Indian Ocean, 6.6 sq.km inundated, 19 deaths in Kolkata"
2020-05-20,65,1,2020_AMPHAN,cyclone,0.9,236,"Government reports, satellite imagery","Costliest cyclone in N Indian Ocean, 6.6 sq.km inundated, 19 deaths in Kolkata"
2020-05-20,135,1,2020_AMPHAN,cyclone,0.9,236,"Government reports, satellite imagery","Costliest cyclone in N Indian Ocean, 6.6 sq.km inundated, 19 deaths in Kolkata"
2020-05-20,127,1,2020_AMPHAN,cyclone,0.9,236,"Government reports, satellite imagery","Costliest cyclone in N Indian Ocean, 6.6 sq.km inundated, 19 deaths in Kolkata"
2020-05-20,7,1,2020_AMPHAN,cyclone,0.9,236,"Government reports, satellite imagery","Costliest cyclone in N Indian Ocean, 6.6 sq.km inundated, 19 deaths in Kolkata"
2020-05-20,46,1,2020_AMPHAN,cyclone,0.9,236,"Government reports, satellite imagery","Costliest cyclone in N Indian Ocean, 6.6 sq.km inundated, 19 deaths in Kolkata"
2020-05-20,126,1,2020_AMPHAN,cyclone,0.9,236,"Government reports, satellite imagery","Costliest cyclone in N Indian Ocean, 6.6 sq.km inundated, 19 deaths in Kolkata"
2020-05-20,119,1,2020_AMPHAN,cyclone,0.9,236,"Government reports, satellite imagery","Costliest cyclone in N Indian Ocean, 6.6 sq.km inundated, 19 deaths in Kolkata"
2020-05-20,45,1,2020_AMPHAN,cyclone,0.9,236,"Government reports, satellite imagery","Costliest cyclone in N Indian Ocean, 6.6 sq.km inundated, 19 deaths in Kolkata"
2020-05-20,64,1,2020_AMPHAN,cyclone,0.9,236,"Government reports, satellite imagery","Costliest cyclone in N Indian Ocean, 6.6 sq.km inundated, 19 deaths in Kolkata"
2020-05-20,33,1,2020_AMPHAN,cyclone,0.9,236,"Government reports, satellite imagery","Costliest cyclone in N Indian Ocean, 6.6 sq.km inundated, 19 deaths in Kolkata"
2020-05-20,125,1,2020_AMPHAN,cyclone,0.9,236,"Government reports, satellite imagery","Costliest cyclone in N Indian Ocean, 6.6 sq.km inundated, 19 deaths in Kolkata"
2020-05-20,128,1,2020_AMPHAN,cyclone,0.9,236,"Government reports, satellite imagery","Costliest cyclone in N Indian Ocean, 6.6 sq.km inundated, 19 deaths in Kolkata"
2020-05-20,51,1,2020_AMPHAN,cyclone,0.9,236,"Government reports, satellite imagery","Costliest cyclone in N Indian Ocean, 6.6 sq.km inundated, 19 deaths in Kolkata"
2020-05-20,63,1,2020_AMPHAN,cyclone,0.9,236,"Government reports, satellite imagery","Costliest cyclone in N Indian Ocean, 6.6 sq.km inundated, 19 deaths in Kolkata"
2020-05-20,122,1,2020_AMPHAN,cyclone,0.9,236,"Government reports, satellite imagery","Costliest cyclone in N Indian Ocean, 6.6 sq.km inundated, 19 deaths in Kolkata"
2020-05-20,129,1,2020_AMPHAN,cyclone,0.9,236,"Government reports, satellite imagery","Costliest cyclone in N Indian Ocean, 6.6 sq.km inundated, 19 deaths in Kolkata"
2020-05-20,123,1,2020_AMPHAN,cyclone,0.9,236,"Government reports, satellite imagery","Costliest cyclone in N Indian Ocean, 6.6 sq.km inundated, 19 deaths in Kolkata"
2020-05-20,43,1,2020_AMPHAN,cyclone,0.9,236,"Government reports, satellite imagery","Costliest cyclone in N Indian Ocean, 6.6 sq.km inundated, 19 deaths in Kolkata"
2020-05-20,36,1,2020_AMPHAN,cyclone,0.9,236,"Government reports, satellite imagery","Costliest cyclone in N Indian Ocean, 6.6 sq.km inundated, 19 deaths in Kolkata"
2020-05-20,107,1,2020_AMPHAN,cyclone,0.9,236,"Government reports, satellite imagery","Costliest cyclone in N Indian Ocean, 6.6 sq.km inundated, 19 deaths in Kolkata"
2020-05-20,50,1,2020_AMPHAN,cyclone,0.9,236,"Government reports, satellite imagery","Costliest cyclone in N Indian Ocean, 6.6 sq.km inundated, 19 deaths in Kolkata"
2020-05-20,48,1,2020_AMPHAN,cyclone,0.9,236,"Government reports, satellite imagery","Costliest cyclone in N Indian Ocean, 6.6 sq.km inundated, 19 deaths in Kolkata"
2020-05-20,118,1,2020_AMPHAN,cyclone,0.9,236,"Government reports, satellite imagery","Costliest cyclone in N Indian Ocean, 6.6 sq.km inundated, 19 deaths in Kolkata"
2020-05-20,9,1,2020_AMPHAN,cyclone,0.9,236,"Government reports, satellite imagery","Costliest cyclone in N Indian Ocean, 6.6 sq.km inundated, 19 deaths in Kolkata"
2020-05-20,67,1,2020_AMPHAN,cyclone,0.9,236,"Government reports, satellite imagery","Costliest cyclone in N Indian Ocean, 6.6 sq.km inundated, 19 deaths in Kolkata"
2020-05-20,120,1,2020_AMPHAN,cyclone,0.9,236,"Government reports, satellite imagery","Costliest cyclone in N Indian Ocean, 6.6 sq.km inundated, 19 deaths in Kolkata"
2020-05-20,138,1,2020_AMPHAN,cyclone,0.9,236,"Government reports, satellite imagery","Costliest cyclone in N Indian Ocean, 6.6 sq.km inundated, 19 deaths in Kolkata"
2020-05-20,137,1,2020_AMPHAN,cyclone,0.9,236,"Government reports, satellite imagery","Costliest cyclone in N Indian Ocean, 6.6 sq.km inundated, 19 deaths in Kolkata"
2020-05-20,44,1,2020_AMPHAN,cyclone,0.9,236,"Government reports, satellite imagery","Costliest cyclone in N Indian Ocean, 6.6 sq.km inundated, 19 deaths in Kolkata"
2020-05-20,35,1,2020_AMPHAN,cyclone,0.9,236,"Government reports, satellite imagery","Costliest cyclone in N Indian Ocean, 6.6 sq.km inundated, 19 deaths in Kolkata"
2020-05-20,108,1,2020_AMPHAN,cyclone,0.9,236,"Government reports, satellite imagery","Costliest cyclone in N Indian Ocean, 6.6 sq.km inundated, 19 deaths in Kolkata"
2020-05-20,8,1,2020_AMPHAN,cyclone,0.9,236,"Government reports, satellite imagery","Costliest cyclone in N Indian Ocean, 6.6 sq.km inundated, 19 deaths in Kolkata"
2020-05-21,124,1,2020_AMPHAN,cyclone,0.9,236,"Government reports, satellite imagery","Costliest cyclone in N Indian Ocean, 6.6 sq.km inundated, 19 deaths in Kolkata"
2020-05-21,6,1,2020_AMPHAN,cyclone,0.9,236,"Government reports, satellite imagery","Costliest cyclone in N Indian Ocean, 6.6 sq.km inundated, 19 deaths in Kolkata"
2020-05-21,49,1,2020_AMPHAN,cyclone,0.9,236,"Government reports, satellite imagery","Costliest cyclone in N Indian Ocean, 6.6 sq.km inundated, 19 deaths in Kolkata"
2020-05-21,34,1,2020_AMPHAN,cyclone,0.9,236,"Government reports, satellite imagery","Costliest cyclone in N Indian Ocean, 6.6 sq.km inundated, 19 deaths in Kolkata"
2020-05-21,91,1,2020_AMPHAN,cyclone,0.9,236,"Government reports, satellite imagery","Costliest cyclone in N Indian Ocean, 6.6 sq.km inundated, 19 deaths in Kolkata"
2020-05-21,121,1,2020_AMPHAN,cyclone,0.9,236,"Government reports, satellite imagery","Costliest cyclone in N Indian Ocean, 6.6 sq.km inundated, 19 deaths in Kolkata"
2020-05-21,136,1,2020_AMPHAN,cyclone,0.9,236,"Government reports, satellite imagery","Costliest cyclone in N Indian Ocean, 6.6 sq.km inundated, 19 deaths in Kolkata"
2020-05-21,66,1,2020_AMPHAN,cyclone,0.9,236,"Government reports, satellite imagery","Costliest cyclone in N Indian Ocean, 6.6 sq.km inundated, 19 deaths in Kolkata"
2020-05-21,117,1,2020_AMPHAN,cyclone,0.9,236,"Government reports, satellite imagery","Costliest cyclone in N Indian Ocean, 6.6 sq.km inundated, 19 deaths in Kolkata"
2020-05-21,106,1,2020_AMPHAN,cyclone,0.9,236,"Government reports, satellite imagery","Costliest cyclone in N Indian Ocean, 6.6 sq.km inundated, 19 deaths in Kolkata"
2020-05-21,65,1,2020_AMPHAN,cyclone,0.9,236,"Government reports, satellite imagery","Costliest cyclone in N Indian Ocean, 6.6 sq.km inundated, 19 deaths in Kolkata"
2020-05-21,135,1,2020_AMPHAN,cyclone,0.9,236,"Government reports, satellite imagery","Costliest cyclone in N Indian Ocean, 6.6 sq.km inundated, 19 deaths in Kolkata"
2020-05-21,127,1,2020_AMPHAN,cyclone,0.9,236,"Government reports, satellite imagery","Costliest cyclone in N Indian Ocean, 6.6 sq.km inundated, 19 deaths in Kolkata"
2020-05-21,7,1,2020_AMPHAN,cyclone,0.9,236,"Government reports, satellite imagery","Costliest cyclone in N Indian Ocean, 6.6 sq.km inundated, 19 deaths in Kolkata"
2020-05-21,46,1,2020_AMPHAN,cyclone,0.9,236,"Government reports, satellite imagery","Costliest cyclone in N Indian Ocean, 6.6 sq.km inundated, 19 deaths in Kolkata"
2020-05-21,126,1,2020_AMPHAN,cyclone,0.9,236,"Government reports, satellite imagery","Costliest cyclone in N Indian Ocean, 6.6 sq.km inundated, 19 deaths in Kolkata"
2020-05-21,119,1,2020_AMPHAN,cyclone,0.9,236,"Government reports, satellite imagery","Costliest cyclone in N Indian Ocean, 6.6 sq.km inundated, 19 deaths in Kolkata"
2020-05-21,45,1,2020_AMPHAN,cyclone,0.9,236,"Government reports, satellite imagery","Costliest cyclone in N Indian Ocean, 6.6 sq.km inundated, 19 deaths in Kolkata"
2020-05-21,64,1,2020_AMPHAN,cyclone,0.9,236,"Government reports, satellite imagery","Costliest cyclone in N Indian Ocean, 6.6 sq.km inundated, 19 deaths in Kolkata"
2020-05-21,33,1,2020_AMPHAN,cyclone,0.9,236,"Government reports, satellite imagery","Costliest cyclone in N Indian Ocean, 6.6 sq.km inundated, 19 deaths in Kolkata"
2020-05-21,125,1,2020_AMPHAN,cyclone,0.9,236,"Government reports, satellite imagery","Costliest cyclone in N Indian Ocean, 6.6 sq.km inundated, 19 deaths in Kolkata"
2020-05-21,128,1,2020_AMPHAN,cyclone,0.9,236,"Government reports, satellite imagery","Costliest cyclone in N Indian Ocean, 6.6 sq.km inundated, 19 deaths in Kolkata"
2020-05-21,51,1,2020_AMPHAN,cyclone,0.9,236,"Government reports, satellite imagery","Costliest cyclone in N Indian Ocean, 6.6 sq.km inundated, 19 deaths in Kolkata"
2020-05-21,63,1,2020_AMPHAN,cyclone,0.9,236,"Government reports, satellite imagery","Costliest cyclone in N Indian Ocean, 6.6 sq.km inundated, 19 deaths in Kolkata"
2020-05-21,122,1,2020_AMPHAN,cyclone,0.9,236,"Government reports, satellite imagery","Costliest cyclone in N Indian Ocean, 6.6 sq.km inundated, 19 deaths in Kolkata"
2020-05-21,129,1,2020_AMPHAN,cyclone,0.9,236,"Government reports, satellite imagery","Costliest cyclone in N Indian Ocean, 6.6 sq.km inundated, 19 deaths in Kolkata"
2020-05-21,123,1,2020_AMPHAN,cyclone,0.9,236,"Government reports, satellite imagery","Costliest cyclone in N Indian Ocean, 6.6 sq.km inundated, 19 deaths in Kolkata"
2020-05-21,43,1,2020_AMPHAN,cyclone,0.9,236,"Government reports, satellite imagery","Costliest cyclone in N Indian Ocean, 6.6 sq.km inundated, 19 deaths in Kolkata"
2020-05-21,36,1,2020_AMPHAN,cyclone,0.9,236,"Government reports, satellite imagery","Costliest cyclone in N Indian Ocean, 6.6 sq.km inundated, 19 deaths in Kolkata"
2020-05-21,107,1,2020_AMPHAN,cyclone,0.9,236,"Government reports, satellite imagery","Costliest cyclone in N Indian Ocean, 6.6 sq.km inundated, 19 deaths in Kolkata"
2020-05-21,50,1,2020_AMPHAN,cyclone,0.9,236,"Government reports, satellite imagery","Costliest cyclone in N Indian Ocean, 6.6 sq.km inundated, 19 deaths in Kolkata"
2020-05-21,48,1,2020_AMPHAN,cyclone,0.9,236,"Government reports, satellite imagery","Costliest cyclone in N Indian Ocean, 6.6 sq.km inundated, 19 deaths in Kolkata"
2020-05-21,118,1,2020_AMPHAN,cyclone,0.9,236,"Government reports, satellite imagery","Costliest cyclone in N Indian Ocean, 6.6 sq.km inundated, 19 deaths in Kolkata"
2020-05-21,9,1,2020_AMPHAN,cyclone,0.9,236,"Government reports, satellite imagery","Costliest cyclone in N Indian Ocean, 6.6 sq.km inundated, 19 deaths in Kolkata"
2020-05-21,67,1,2020_AMPHAN,cyclone,0.9,236,"Government reports, satellite imagery","Costliest cyclone in N Indian Ocean, 6.6 sq.km inundated, 19 deaths in Kolkata"
2020-05-21,120,1,2020_AMPHAN,cyclone,0.9,236,"Government reports, satellite imagery","Costliest cyclone in N Indian Ocean, 6.6 sq.km inundated, 19 deaths in Kolkata"
2020-05-21,138,1,2020_AMPHAN,cyclone,0.9,236,"Government reports, satellite imagery","Costliest cyclone in N Indian Ocean, 6.6 sq.km inundated, 19 deaths in Kolkata"
2020-05-21,137,1,2020_AMPHAN,cyclone,0.9,236,"Government reports, satellite imagery","Costliest cyclone in N Indian Ocean, 6.6 sq.km inundated, 19 deaths in Kolkata"
2020-05-21,44,1,2020_AMPHAN,cyclone,0.9,236,"Government reports, satellite imagery","Costliest cyclone in N Indian Ocean, 6.6 sq.km inundated, 19 deaths in Kolkata"
2020-05-21,35,1,2020_AMPHAN,cyclone,0.9,236,"Government reports, satellite imagery","Costliest cyclone in N Indian Ocean, 6.6 sq.km inundated, 19 deaths in Kolkata"
2020-05-21,108,1,2020_AMPHAN,cyclone,0.9,236,"Government reports, satellite imagery","Costliest cyclone in N Indian Ocean, 6.6 sq.km inundated, 19 deaths in Kolkata"
2020-05-21,8,1,2020_AMPHAN,cyclone,0.9,236,"Government reports, satellite imagery","Costliest cyclone in N Indian Ocean, 6.6 sq.km inundated, 19 deaths in Kolkata"
2021-05-26,124,1,2021_YAAS,cyclone,0.6,90,Cyclone reports,"Landfall in Odisha, less impact on Kolkata proper"
2021-05-26,125,1,2021_YAAS,cyclone,0.6,90,Cyclone reports,"Landfall in Odisha, less impact on Kolkata proper"
2021-05-26,128,1,2021_YAAS,cyclone,0.6,90,Cyclone reports,"Landfall in Odisha, less impact on Kolkata proper"
2021-05-26,131,1,2021_YAAS,cyclone,0.6,90,Cyclone reports,"Landfall in Odisha, less impact on Kolkata proper"
2021-05-26,133,1,2021_YAAS,cyclone,0.6,90,Cyclone reports,"Landfall in Odisha, less impact on Kolkata proper"
2021-05-26,134,1,2021_YAAS,cyclone,0.6,90,Cyclone reports,"Landfall in Odisha, less impact on Kolkata proper"
2021-05-26,132,1,2021_YAAS,cyclone,0.6,90,Cyclone reports,"Landfall in Odisha, less impact on Kolkata proper"
2021-05-26,126,1,2021_YAAS,cyclone,0.6,90,Cyclone reports,"Landfall in Odisha, less impact on Kolkata proper"
2021-05-26,122,1,2021_YAAS,cyclone,0.6,90,Cyclone reports,"Landfall in Odisha, less impact on Kolkata proper"
2021-05-26,129,1,2021_YAAS,cyclone,0.6,90,Cyclone reports,"Landfall in Odisha, less impact on Kolkata proper"
2021-05-26,123,1,2021_YAAS,cyclone,0.6,90,Cyclone reports,"Landfall in Odisha, less impact on Kolkata proper"
2021-05-26,121,1,2021_YAAS,cyclone,0.6,90,Cyclone reports,"Landfall in Odisha, less impact on Kolkata proper"
2021-05-26,120,1,2021_YAAS,cyclone,0.6,90,Cyclone reports,"Landfall in Odisha, less impact on Kolkata proper"
2021-05-26,130,1,2021_YAAS,cyclone,0.6,90,Cyclone reports,"Landfall in Odisha, less impact on Kolkata proper"
2021-05-26,127,1,2021_YAAS,cyclone,0.6,90,Cyclone reports,"Landfall in Odisha, less impact on Kolkata proper"
2021-05-27,124,1,2021_YAAS,cyclone,0.6,90,Cyclone reports,"Landfall in Odisha, less impact on Kolkata proper"
2021-05-27,125,1,2021_YAAS,cyclone,0.6,90,Cyclone reports,"Landfall in Odisha, less impact on Kolkata proper"
2021-05-27,128,1,2021_YAAS,cyclone,0.6,90,Cyclone reports,"Landfall in Odisha, less impact on Kolkata proper"
2021-05-27,131,1,2021_YAAS,cyclone,0.6,90,Cyclone reports,"Landfall in Odisha, less impact on Kolkata proper"
2021-05-27,133,1,2021_YAAS,cyclone,0.6,90,Cyclone reports,"Landfall in Odisha, less impact on Kolkata proper"
2021-05-27,134,1,2021_YAAS,cyclone,0.6,90,Cyclone reports,"Landfall in Odisha, less impact on Kolkata proper"
2021-05-27,132,1,2021_YAAS,cyclone,0.6,90,Cyclone reports,"Landfall in Odisha, less impact on Kolkata proper"
2021-05-27,126,1,2021_YAAS,cyclone,0.6,90,Cyclone reports,"Landfall in Odisha, less impact on Kolkata proper"
2021-05-27,122,1,2021_YAAS,cyclone,0.6,90,Cyclone reports,"Landfall in Odisha, less impact on Kolkata proper"
2021-05-27,129,1,2021_YAAS,cyclone,0.6,90,Cyclone reports,"Landfall in Odisha, less impact on Kolkata proper"
2021-05-27,123,1,2021_YAAS,cyclone,0.6,90,Cyclone reports,"Landfall in Odisha, less impact on Kolkata proper"
2021-05-27,121,1,2021_YAAS,cyclone,0.6,90,Cyclone reports,"Landfall in Odisha, less impact on Kolkata proper"
2021-05-27,120,1,2021_YAAS,cyclone,0.6,90,Cyclone reports,"Landfall in Odisha, less impact on Kolkata proper"
2021-05-27,130,1,2021_YAAS,cyclone,0.6,90,Cyclone reports,"Landfall in Odisha, less impact on Kolkata proper"
2021-05-27,127,1,2021_YAAS,cyclone,0.6,90,Cyclone reports,"Landfall in Odisha, less impact on Kolkata proper"
2021-09-20,82,1,2021_SEP,monsoon,0.8,142,"IMD data, news","Heaviest September rain since 2007, 24-30h waterlogging"
2021-09-20,46,1,2021_SEP,monsoon,0.8,142,"IMD data, news","Heaviest September rain since 2007, 24-30h waterlogging"
2021-09-20,44,1,2021_SEP,monsoon,0.8,142,"IMD data, news","Heaviest September rain since 2007, 24-30h waterlogging"
2021-09-20,83,1,2021_SEP,monsoon,0.8,142,"IMD data, news","Heaviest September rain since 2007, 24-30h waterlogging"
2021-09-20,45,1,2021_SEP,monsoon,0.8,142,"IMD data, news","Heaviest September rain since 2007, 24-30h waterlogging"
2021-09-20,43,1,2021_SEP,monsoon,0.8,142,"IMD data, news","Heaviest September rain since 2007, 24-30h waterlogging"
2021-09-20,107,1,2021_SEP,monsoon,0.8,142,"IMD data, news","Heaviest September rain since 2007, 24-30h waterlogging"
2021-09-20,48,1,2021_SEP,monsoon,0.8,142,"IMD data, news","Heaviest September rain since 2007, 24-30h waterlogging"
2021-09-20,106,1,2021_SEP,monsoon,0.8,142,"IMD data, news","Heaviest September rain since 2007, 24-30h waterlogging"
2021-09-20,108,1,2021_SEP,monsoon,0.8,142,"IMD data, news","Heaviest September rain since 2007, 24-30h waterlogging"
2021-09-20,84,1,2021_SEP,monsoon,0.8,142,"IMD data, news","Heaviest September rain since 2007, 24-30h waterlogging"
2021-09-21,82,1,2021_SEP,monsoon,0.8,142,"IMD data, news","Heaviest September rain since 2007, 24-30h waterlogging"
2021-09-21,46,1,2021_SEP,monsoon,0.8,142,"IMD data, news","Heaviest September rain since 2007, 24-30h waterlogging"
2021-09-21,44,1,2021_SEP,monsoon,0.8,142,"IMD data, news","Heaviest September rain since 2007, 24-30h waterlogging"
2021-09-21,83,1,2021_SEP,monsoon,0.8,142,"IMD data, news","Heaviest September rain since 2007, 24-30h waterlogging"
2021-09-21,45,1,2021_SEP,monsoon,0.8,142,"IMD data, news","Heaviest September rain since 2007, 24-30h waterlogging"
2021-09-21,43,1,2021_SEP,monsoon,0.8,142,"IMD data, news","Heaviest September rain since 2007, 24-30h waterlogging"
2021-09-21,107,1,2021_SEP,monsoon,0.8,142,"IMD data, news","Heaviest September rain since 2007, 24-30h waterlogging"
2021-09-21,48,1,2021_SEP,monsoon,0.8,142,"IMD data, news","Heaviest September rain since 2007, 24-30h waterlogging"
2021-09-21,106,1,2021_SEP,monsoon,0.8,142,"IMD data, news","Heaviest September rain since 2007, 24-30h waterlogging"
2021-09-21,108,1,2021_SEP,monsoon,0.8,142,"IMD data, news","Heaviest September rain since 2007, 24-30h waterlogging"
2021-09-21,84,1,2021_SEP,monsoon,0.8,142,"IMD data, news","Heaviest September rain since 2007, 24-30h waterlogging"
2023-08-15,124,1,2023_AUG,monsoon,0.7,191,News reports,"South/southwest Kolkata most affected, 48h+ waterlogging"
2023-08-15,99,1,2023_AUG,monsoon,0.7,191,News reports,"South/southwest Kolkata most affected, 48h+ waterlogging"
2023-08-15,121,1,2023_AUG,monsoon,0.7,191,News reports,"South/southwest Kolkata most affected, 48h+ waterlogging"
2023-08-15,136,1,2023_AUG,monsoon,0.7,191,News reports,"South/southwest Kolkata most affected, 48h+ waterlogging"
2023-08-15,98,1,2023_AUG,monsoon,0.7,191,News reports,"South/southwest Kolkata most affected, 48h+ waterlogging"
2023-08-15,95,1,2023_AUG,monsoon,0.7,191,News reports,"South/southwest Kolkata most affected, 48h+ waterlogging"
2023-08-15,135,1,2023_AUG,monsoon,0.7,191,News reports,"South/southwest Kolkata most affected, 48h+ waterlogging"
2023-08-15,127,1,2023_AUG,monsoon,0.7,191,News reports,"South/southwest Kolkata most affected, 48h+ waterlogging"
2023-08-15,100,1,2023_AUG,monsoon,0.7,191,News reports,"South/southwest Kolkata most affected, 48h+ waterlogging"
2023-08-15,126,1,2023_AUG,monsoon,0.7,191,News reports,"South/southwest Kolkata most affected, 48h+ waterlogging"
2023-08-15,101,1,2023_AUG,monsoon,0.7,191,News reports,"South/southwest Kolkata most affected, 48h+ waterlogging"
2023-08-15,125,1,2023_AUG,monsoon,0.7,191,News reports,"South/southwest Kolkata most affected, 48h+ waterlogging"
2023-08-15,128,1,2023_AUG,monsoon,0.7,191,News reports,"South/southwest Kolkata most affected, 48h+ waterlogging"
2023-08-15,97,1,2023_AUG,monsoon,0.7,191,News reports,"South/southwest Kolkata most affected, 48h+ waterlogging"
2023-08-15,122,1,2023_AUG,monsoon,0.7,191,News reports,"South/southwest Kolkata most affected, 48h+ waterlogging"
2023-08-15,129,1,2023_AUG,monsoon,0.7,191,News reports,"South/southwest Kolkata most affected, 48h+ waterlogging"
2023-08-15,123,1,2023_AUG,monsoon,0.7,191,News reports,"South/southwest Kolkata most affected, 48h+ waterlogging"
2023-08-15,120,1,2023_AUG,monsoon,0.7,191,News reports,"South/southwest Kolkata most affected, 48h+ waterlogging"
2023-08-15,102,1,2023_AUG,monsoon,0.7,191,News reports,"South/southwest Kolkata most affected, 48h+ waterlogging"
2023-08-15,96,1,2023_AUG,monsoon,0.7,191,News reports,"South/southwest Kolkata most affected, 48h+ waterlogging"
2023-08-15,138,1,2023_AUG,monsoon,0.7,191,News reports,"South/southwest Kolkata most affected, 48h+ waterlogging"
2023-08-15,137,1,2023_AUG,monsoon,0.7,191,News reports,"South/southwest Kolkata most affected, 48h+ waterlogging"
2023-08-15,103,1,2023_AUG,monsoon,0.7,191,News reports,"South/southwest Kolkata most affected, 48h+ waterlogging"
2023-08-16,124,1,2023_AUG,monsoon,0.7,191,News reports,"South/southwest Kolkata most affected, 48h+ waterlogging"
2023-08-16,99,1,2023_AUG,monsoon,0.7,191,News reports,"South/southwest Kolkata most affected, 48h+ waterlogging"
2023-08-16,121,1,2023_AUG,monsoon,0.7,191,News reports,"South/southwest Kolkata most affected, 48h+ waterlogging"
2023-08-16,136,1,2023_AUG,monsoon,0.7,191,News reports,"South/southwest Kolkata most affected, 48h+ waterlogging"
2023-08-16,98,1,2023_AUG,monsoon,0.7,191,News reports,"South/southwest Kolkata most affected, 48h+ waterlogging"
2023-08-16,95,1,2023_AUG,monsoon,0.7,191,News reports,"South/southwest Kolkata most affected, 48h+ waterlogging"
2023-08-16,135,1,2023_AUG,monsoon,0.7,191,News reports,"South/southwest Kolkata most affected, 48h+ waterlogging"
2023-08-16,127,1,2023_AUG,monsoon,0.7,191,News reports,"South/southwest Kolkata most affected, 48h+ waterlogging"
2023-08-16,100,1,2023_AUG,monsoon,0.7,191,News reports,"South/southwest Kolkata most affected, 48h+ waterlogging"
2023-08-16,126,1,2023_AUG,monsoon,0.7,191,News reports,"South/southwest Kolkata most affected, 48h+ waterlogging"
2023-08-16,101,1,2023_AUG,monsoon,0.7,191,News reports,"South/southwest Kolkata most affected, 48h+ waterlogging"
2023-08-16,125,1,2023_AUG,monsoon,0.7,191,News reports,"South/southwest Kolkata most affected, 48h+ waterlogging"
2023-08-16,128,1,2023_AUG,monsoon,0.7,191,News reports,"South/southwest Kolkata most affected, 48h+ waterlogging"
2023-08-16,97,1,2023_AUG,monsoon,0.7,191,News reports,"South/southwest Kolkata most affected, 48h+ waterlogging"
2023-08-16,122,1,2023_AUG,monsoon,0.7,191,News reports,"South/southwest Kolkata most affected, 48h+ waterlogging"
2023-08-16,129,1,2023_AUG,monsoon,0.7,191,News reports,"South/southwest Kolkata most affected, 48h+ waterlogging"
2023-08-16,123,1,2023_AUG,monsoon,0.7,191,News reports,"South/southwest Kolkata most affected, 48h+ waterlogging"
2023-08-16,120,1,2023_AUG,monsoon,0.7,191,News reports,"South/southwest Kolkata most affected, 48h+ waterlogging"
2023-08-16,102,1,2023_AUG,monsoon,0.7,191,News reports,"South/southwest Kolkata most affected, 48h+ waterlogging"
2023-08-16,96,1,2023_AUG,monsoon,0.7,191,News reports,"South/southwest Kolkata most affected, 48h+ waterlogging"
2023-08-16,138,1,2023_AUG,monsoon,0.7,191,News reports,"South/southwest Kolkata most affected, 48h+ waterlogging"
2023-08-16,137,1,2023_AUG,monsoon,0.7,191,News reports,"South/southwest Kolkata most affected, 48h+ waterlogging"
2023-08-16,103,1,2023_AUG,monsoon,0.7,191,News reports,"South/southwest Kolkata most affected, 48h+ waterlogging"
2023-08-17,124,1,2023_AUG,monsoon,0.7,191,News reports,"South/southwest Kolkata most affected, 48h+ waterlogging"
2023-08-17,99,1,2023_AUG,monsoon,0.7,191,News reports,"South/southwest Kolkata most affected, 48h+ waterlogging"
2023-08-17,121,1,2023_AUG,monsoon,0.7,191,News reports,"South/southwest Kolkata most affected, 48h+ waterlogging"
2023-08-17,136,1,2023_AUG,monsoon,0.7,191,News reports,"South/southwest Kolkata most affected, 48h+ waterlogging"
2023-08-17,98,1,2023_AUG,monsoon,0.7,191,News reports,"South/southwest Kolkata most affected, 48h+ waterlogging"
2023-08-17,95,1,2023_AUG,monsoon,0.7,191,News reports,"South/southwest Kolkata most affected, 48h+ waterlogging"
2023-08-17,135,1,2023_AUG,monsoon,0.7,191,News reports,"South/southwest Kolkata most affected, 48h+ waterlogging"
2023-08-17,127,1,2023_AUG,monsoon,0.7,191,News reports,"South/southwest Kolkata most affected, 48h+ waterlogging"
2023-08-17,100,1,2023_AUG,monsoon,0.7,191,News reports,"South/southwest Kolkata most affected, 48h+ waterlogging"
2023-08-17,126,1,2023_AUG,monsoon,0.7,191,News reports,"South/southwest Kolkata most affected, 48h+ waterlogging"
2023-08-17,101,1,2023_AUG,monsoon,0.7,191,News reports,"South/southwest Kolkata most affected, 48h+ waterlogging"
2023-08-17,125,1,2023_AUG,monsoon,0.7,191,News reports,"South/southwest Kolkata most affected, 48h+ waterlogging"
2023-08-17,128,1,2023_AUG,monsoon,0.7,191,News reports,"South/southwest Kolkata most affected, 48h+ waterlogging"
2023-08-17,97,1,2023_AUG,monsoon,0.7,191,News reports,"South/southwest Kolkata most affected, 48h+ waterlogging"
2023-08-17,122,1,2023_AUG,monsoon,0.7,191,News reports,"South/southwest Kolkata most affected, 48h+ waterlogging"
2023-08-17,129,1,2023_AUG,monsoon,0.7,191,News reports,"South/southwest Kolkata most affected, 48h+ waterlogging"
2023-08-17,123,1,2023_AUG,monsoon,0.7,191,News reports,"South/southwest Kolkata most affected, 48h+ waterlogging"
2023-08-17,120,1,2023_AUG,monsoon,0.7,191,News reports,"South/southwest Kolkata most affected, 48h+ waterlogging"
2023-08-17,102,1,2023_AUG,monsoon,0.7,191,News reports,"South/southwest Kolkata most affected, 48h+ waterlogging"
2023-08-17,96,1,2023_AUG,monsoon,0.7,191,News reports,"South/southwest Kolkata most affected, 48h+ waterlogging"
2023-08-17,138,1,2023_AUG,monsoon,0.7,191,News reports,"South/southwest Kolkata most affected, 48h+ waterlogging"
2023-08-17,137,1,2023_AUG,monsoon,0.7,191,News reports,"South/southwest Kolkata most affected, 48h+ waterlogging"
2023-08-17,103,1,2023_AUG,monsoon,0.7,191,News reports,"South/southwest Kolkata most affected, 48h+ waterlogging"
2024-05-26,51,1,2024_REMAL,cyclone,0.8,260,"News, metro reports","Metro tunnels flooded, 294 trees uprooted"
2024-05-26,49,1,2024_REMAL,cyclone,0.8,260,"News, metro reports","Metro tunnels flooded, 294 trees uprooted"
2024-05-26,61,1,2024_REMAL,cyclone,0.8,260,"News, metro reports","Metro tunnels flooded, 294 trees uprooted"
2024-05-26,50,1,2024_REMAL,cyclone,0.8,260,"News, metro reports","Metro tunnels flooded, 294 trees uprooted"
2024-05-26,62,1,2024_REMAL,cyclone,0.8,260,"News, metro reports","Metro tunnels flooded, 294 trees uprooted"
2024-05-27,51,1,2024_REMAL,cyclone,0.8,260,"News, metro reports","Metro tunnels flooded, 294 trees uprooted"
2024-05-27,49,1,2024_REMAL,cyclone,0.8,260,"News, metro reports","Metro tunnels flooded, 294 trees uprooted"
2024-05-27,61,1,2024_REMAL,cyclone,0.8,260,"News, metro reports","Metro tunnels flooded, 294 trees uprooted"
2024-05-27,50,1,2024_REMAL,cyclone,0.8,260,"News, metro reports","Metro tunnels flooded, 294 trees uprooted"
2024-05-27,62,1,2024_REMAL,cyclone,0.8,260,"News, metro reports","Metro tunnels flooded, 294 trees uprooted"
2024-10-25,124,1,2024_DANA,cyclone,0.8,190,News reports,"2 electrocution deaths, knee-deep flooding"
2024-10-25,6,1,2024_DANA,cyclone,0.8,190,News reports,"2 electrocution deaths, knee-deep flooding"
2024-10-25,49,1,2024_DANA,cyclone,0.8,190,News reports,"2 electrocution deaths, knee-deep flooding"
2024-10-25,83,1,2024_DANA,cyclone,0.8,190,News reports,"2 electrocution deaths, knee-deep flooding"
2024-10-25,121,1,2024_DANA,cyclone,0.8,190,News reports,"2 electrocution deaths, knee-deep flooding"
2024-10-25,90,1,2024_DANA,cyclone,0.8,190,News reports,"2 electrocution deaths, knee-deep flooding"
2024-10-25,76,1,2024_DANA,cyclone,0.8,190,News reports,"2 electrocution deaths, knee-deep flooding"
2024-10-25,127,1,2024_DANA,cyclone,0.8,190,News reports,"2 electrocution deaths, knee-deep flooding"
2024-10-25,74,1,2024_DANA,cyclone,0.8,190,News reports,"2 electrocution deaths, knee-deep flooding"
2024-10-25,77,1,2024_DANA,cyclone,0.8,190,News reports,"2 electrocution deaths, knee-deep flooding"
2024-10-25,79,1,2024_DANA,cyclone,0.8,190,News reports,"2 electrocution deaths, knee-deep flooding"
2024-10-25,126,1,2024_DANA,cyclone,0.8,190,News reports,"2 electrocution deaths, knee-deep flooding"
2024-10-25,86,1,2024_DANA,cyclone,0.8,190,News reports,"2 electrocution deaths, knee-deep flooding"
2024-10-25,73,1,2024_DANA,cyclone,0.8,190,News reports,"2 electrocution deaths, knee-deep flooding"
2024-10-25,2,1,2024_DANA,cyclone,0.8,190,News reports,"2 electrocution deaths, knee-deep flooding"
2024-10-25,78,1,2024_DANA,cyclone,0.8,190,News reports,"2 electrocution deaths, knee-deep flooding"
2024-10-25,47,1,2024_DANA,cyclone,0.8,190,News reports,"2 electrocution deaths, knee-deep flooding"
2024-10-25,82,1,2024_DANA,cyclone,0.8,190,News reports,"2 electrocution deaths, knee-deep flooding"
2024-10-25,125,1,2024_DANA,cyclone,0.8,190,News reports,"2 electrocution deaths, knee-deep flooding"
2024-10-25,53,1,2024_DANA,cyclone,0.8,190,News reports,"2 electrocution deaths, knee-deep flooding"
2024-10-25,128,1,2024_DANA,cyclone,0.8,190,News reports,"2 electrocution deaths, knee-deep flooding"
2024-10-25,5,1,2024_DANA,cyclone,0.8,190,News reports,"2 electrocution deaths, knee-deep flooding"
2024-10-25,72,1,2024_DANA,cyclone,0.8,190,News reports,"2 electrocution deaths, knee-deep flooding"
2024-10-25,122,1,2024_DANA,cyclone,0.8,190,News reports,"2 electrocution deaths, knee-deep flooding"
2024-10-25,129,1,2024_DANA,cyclone,0.8,190,News reports,"2 electrocution deaths, knee-deep flooding"
2024-10-25,123,1,2024_DANA,cyclone,0.8,190,News reports,"2 electrocution deaths, knee-deep flooding"
2024-10-25,52,1,2024_DANA,cyclone,0.8,190,News reports,"2 electrocution deaths, knee-deep flooding"
2024-10-25,50,1,2024_DANA,cyclone,0.8,190,News reports,"2 electrocution deaths, knee-deep flooding"
2024-10-25,48,1,2024_DANA,cyclone,0.8,190,News reports,"2 electrocution deaths, knee-deep flooding"
2024-10-25,71,1,2024_DANA,cyclone,0.8,190,News reports,"2 electrocution deaths, knee-deep flooding"
2024-10-25,1,1,2024_DANA,cyclone,0.8,190,News reports,"2 electrocution deaths, knee-deep flooding"
2024-10-25,120,1,2024_DANA,cyclone,0.8,190,News reports,"2 electrocution deaths, knee-deep flooding"
2024-10-25,3,1,2024_DANA,cyclone,0.8,190,News reports,"2 electrocution deaths, knee-deep flooding"
2024-10-25,87,1,2024_DANA,cyclone,0.8,190,News reports,"2 electrocution deaths, knee-deep flooding"
2024-10-25,88,1,2024_DANA,cyclone,0.8,190,News reports,"2 electrocution deaths, knee-deep flooding"
2024-10-25,89,1,2024_DANA,cyclone,0.8,190,News reports,"2 electrocution deaths, knee-deep flooding"
2024-10-25,75,1,2024_DANA,cyclone,0.8,190,News reports,"2 electrocution deaths, knee-deep flooding"
2024-10-25,35,1,2024_DANA,cyclone,0.8,190,News reports,"2 electrocution deaths, knee-deep flooding"
2024-10-25,84,1,2024_DANA,cyclone,0.8,190,News reports,"2 electrocution deaths, knee-deep flooding"
2024-10-25,4,1,2024_DANA,cyclone,0.8,190,News reports,"2 electrocution deaths, knee-deep flooding"
2024-10-26,124,1,2024_DANA,cyclone,0.8,190,News reports,"2 electrocution deaths, knee-deep flooding"
2024-10-26,6,1,2024_DANA,cyclone,0.8,190,News reports,"2 electrocution deaths, knee-deep flooding"
2024-10-26,49,1,2024_DANA,cyclone,0.8,190,News reports,"2 electrocution deaths, knee-deep flooding"
2024-10-26,83,1,2024_DANA,cyclone,0.8,190,News reports,"2 electrocution deaths, knee-deep flooding"
2024-10-26,121,1,2024_DANA,cyclone,0.8,190,News reports,"2 electrocution deaths, knee-deep flooding"
2024-10-26,90,1,2024_DANA,cyclone,0.8,190,News reports,"2 electrocution deaths, knee-deep flooding"
2024-10-26,76,1,2024_DANA,cyclone,0.8,190,News reports,"2 electrocution deaths, knee-deep flooding"
2024-10-26,127,1,2024_DANA,cyclone,0.8,190,News reports,"2 electrocution deaths, knee-deep flooding"
2024-10-26,74,1,2024_DANA,cyclone,0.8,190,News reports,"2 electrocution deaths, knee-deep flooding"
2024-10-26,77,1,2024_DANA,cyclone,0.8,190,News reports,"2 electrocution deaths, knee-deep flooding"
2024-10-26,79,1,2024_DANA,cyclone,0.8,190,News reports,"2 electrocution deaths, knee-deep flooding"
2024-10-26,126,1,2024_DANA,cyclone,0.8,190,News reports,"2 electrocution deaths, knee-deep flooding"
2024-10-26,86,1,2024_DANA,cyclone,0.8,190,News reports,"2 electrocution deaths, knee-deep flooding"
2024-10-26,73,1,2024_DANA,cyclone,0.8,190,News reports,"2 electrocution deaths, knee-deep flooding"
2024-10-26,2,1,2024_DANA,cyclone,0.8,190,News reports,"2 electrocution deaths, knee-deep flooding"
2024-10-26,78,1,2024_DANA,cyclone,0.8,190,News reports,"2 electrocution deaths, knee-deep flooding"
2024-10-26,47,1,2024_DANA,cyclone,0.8,190,News reports,"2 electrocution deaths, knee-deep flooding"
2024-10-26,82,1,2024_DANA,cyclone,0.8,190,News reports,"2 electrocution deaths, knee-deep flooding"
2024-10-26,125,1,2024_DANA,cyclone,0.8,190,News reports,"2 electrocution deaths, knee-deep flooding"
2024-10-26,53,1,2024_DANA,cyclone,0.8,190,News reports,"2 electrocution deaths, knee-deep flooding"
2024-10-26,128,1,2024_DANA,cyclone,0.8,190,News reports,"2 electrocution deaths, knee-deep flooding"
2024-10-26,5,1,2024_DANA,cyclone,0.8,190,News reports,"2 electrocution deaths, knee-deep flooding"
2024-10-26,72,1,2024_DANA,cyclone,0.8,190,News reports,"2 electrocution deaths, knee-deep flooding"
2024-10-26,122,1,2024_DANA,cyclone,0.8,190,News reports,"2 electrocution deaths, knee-deep flooding"
2024-10-26,129,1,2024_DANA,cyclone,0.8,190,News reports,"2 electrocution deaths, knee-deep flooding"
2024-10-26,123,1,2024_DANA,cyclone,0.8,190,News reports,"2 electrocution deaths, knee-deep flooding"
2024-10-26,52,1,2024_DANA,cyclone,0.8,190,News reports,"2 electrocution deaths, knee-deep flooding"
2024-10-26,50,1,2024_DANA,cyclone,0.8,190,News reports,"2 electrocution deaths, knee-deep flooding"
2024-10-26,48,1,2024_DANA,cyclone,0.8,190,News reports,"2 electrocution deaths, knee-deep flooding"
2024-10-26,71,1,2024_DANA,cyclone,0.8,190,News reports,"2 electrocution deaths, knee-deep flooding"
2024-10-26,1,1,2024_DANA,cyclone,0.8,190,News reports,"2 electrocution deaths, knee-deep flooding"
2024-10-26,120,1,2024_DANA,cyclone,0.8,190,News reports,"2 electrocution deaths, knee-deep flooding"
2024-10-26,3,1,2024_DANA,cyclone,0.8,190,News reports,"2 electrocution deaths, knee-deep flooding"
2024-10-26,87,1,2024_DANA,cyclone,0.8,190,News reports,"2 electrocution deaths, knee-deep flooding"
2024-10-26,88,1,2024_DANA,cyclone,0.8,190,News reports,"2 electrocution deaths, knee-deep flooding"
2024-10-26,89,1,2024_DANA,cyclone,0.8,190,News reports,"2 electrocution deaths, knee-deep flooding"
2024-10-26,75,1,2024_DANA,cyclone,0.8,190,News reports,"2 electrocution deaths, knee-deep flooding"
2024-10-26,35,1,2024_DANA,cyclone,0.8,190,News reports,"2 electrocution deaths, knee-deep flooding"
2024-10-26,84,1,2024_DANA,cyclone,0.8,190,News reports,"2 electrocution deaths, knee-deep flooding"
2024-10-26,4,1,2024_DANA,cyclone,0.8,190,News reports,"2 electrocution deaths, knee-deep flooding"
2025-07-08,124,1,2025_JULY,monsoon,0.8,195,"IMD, news",Orange alert for 5 south Bengal districts
2025-07-08,105,1,2025_JULY,monsoon,0.8,195,"IMD, news",Orange alert for 5 south Bengal districts
2025-07-08,99,1,2025_JULY,monsoon,0.8,195,"IMD, news",Orange alert for 5 south Bengal districts
2025-07-08,121,1,2025_JULY,monsoon,0.8,195,"IMD, news",Orange alert for 5 south Bengal districts
2025-07-08,136,1,2025_JULY,monsoon,0.8,195,"IMD, news",Orange alert for 5 south Bengal districts
2025-07-08,106,1,2025_JULY,monsoon,0.8,195,"IMD, news",Orange alert for 5 south Bengal districts
2025-07-08,95,1,2025_JULY,monsoon,0.8,195,"IMD, news",Orange alert for 5 south Bengal districts
2025-07-08,98,1,2025_JULY,monsoon,0.8,195,"IMD, news",Orange alert for 5 south Bengal districts
2025-07-08,135,1,2025_JULY,monsoon,0.8,195,"IMD, news",Orange alert for 5 south Bengal districts
2025-07-08,92,1,2025_JULY,monsoon,0.8,195,"IMD, news",Orange alert for 5 south Bengal districts
2025-07-08,127,1,2025_JULY,monsoon,0.8,195,"IMD, news",Orange alert for 5 south Bengal districts
2025-07-08,100,1,2025_JULY,monsoon,0.8,195,"IMD, news",Orange alert for 5 south Bengal districts
2025-07-08,46,1,2025_JULY,monsoon,0.8,195,"IMD, news",Orange alert for 5 south Bengal districts
2025-07-08,126,1,2025_JULY,monsoon,0.8,195,"IMD, news",Orange alert for 5 south Bengal districts
2025-07-08,86,1,2025_JULY,monsoon,0.8,195,"IMD, news",Orange alert for 5 south Bengal districts
2025-07-08,45,1,2025_JULY,monsoon,0.8,195,"IMD, news",Orange alert for 5 south Bengal districts
2025-07-08,103,1,2025_JULY,monsoon,0.8,195,"IMD, news",Orange alert for 5 south Bengal districts
2025-07-08,2,1,2025_JULY,monsoon,0.8,195,"IMD, news",Orange alert for 5 south Bengal districts
2025-07-08,101,1,2025_JULY,monsoon,0.8,195,"IMD, news",Orange alert for 5 south Bengal districts
2025-07-08,47,1,2025_JULY,monsoon,0.8,195,"IMD, news",Orange alert for 5 south Bengal districts
2025-07-08,97,1,2025_JULY,monsoon,0.8,195,"IMD, news",Orange alert for 5 south Bengal districts
2025-07-08,125,1,2025_JULY,monsoon,0.8,195,"IMD, news",Orange alert for 5 south Bengal districts
2025-07-08,128,1,2025_JULY,monsoon,0.8,195,"IMD, news",Orange alert for 5 south Bengal districts
2025-07-08,5,1,2025_JULY,monsoon,0.8,195,"IMD, news",Orange alert for 5 south Bengal districts
2025-07-08,28,1,2025_JULY,monsoon,0.8,195,"IMD, news",Orange alert for 5 south Bengal districts
2025-07-08,122,1,2025_JULY,monsoon,0.8,195,"IMD, news",Orange alert for 5 south Bengal districts
2025-07-08,129,1,2025_JULY,monsoon,0.8,195,"IMD, news",Orange alert for 5 south Bengal districts
2025-07-08,123,1,2025_JULY,monsoon,0.8,195,"IMD, news",Orange alert for 5 south Bengal districts
2025-07-08,43,1,2025_JULY,monsoon,0.8,195,"IMD, news",Orange alert for 5 south Bengal districts
2025-07-08,29,1,2025_JULY,monsoon,0.8,195,"IMD, news",Orange alert for 5 south Bengal districts
2025-07-08,107,1,2025_JULY,monsoon,0.8,195,"IMD, news",Orange alert for 5 south Bengal districts
2025-07-08,109,1,2025_JULY,monsoon,0.8,195,"IMD, news",Orange alert for 5 south Bengal districts
2025-07-08,48,1,2025_JULY,monsoon,0.8,195,"IMD, news",Orange alert for 5 south Bengal districts
2025-07-08,1,1,2025_JULY,monsoon,0.8,195,"IMD, news",Orange alert for 5 south Bengal districts
2025-07-08,120,1,2025_JULY,monsoon,0.8,195,"IMD, news",Orange alert for 5 south Bengal districts
2025-07-08,27,1,2025_JULY,monsoon,0.8,195,"IMD, news",Orange alert for 5 south Bengal districts
2025-07-08,3,1,2025_JULY,monsoon,0.8,195,"IMD, news",Orange alert for 5 south Bengal districts
2025-07-08,102,1,2025_JULY,monsoon,0.8,195,"IMD, news",Orange alert for 5 south Bengal districts
2025-07-08,96,1,2025_JULY,monsoon,0.8,195,"IMD, news",Orange alert for 5 south Bengal districts
2025-07-08,87,1,2025_JULY,monsoon,0.8,195,"IMD, news",Orange alert for 5 south Bengal districts
2025-07-08,138,1,2025_JULY,monsoon,0.8,195,"IMD, news",Orange alert for 5 south Bengal districts
2025-07-08,137,1,2025_JULY,monsoon,0.8,195,"IMD, news",Orange alert for 5 south Bengal districts
2025-07-08,44,1,2025_JULY,monsoon,0.8,195,"IMD, news",Orange alert for 5 south Bengal districts
2025-07-08,93,1,2025_JULY,monsoon,0.8,195,"IMD, news",Orange alert for 5 south Bengal districts
2025-07-08,108,1,2025_JULY,monsoon,0.8,195,"IMD, news",Orange alert for 5 south Bengal districts
2025-07-08,94,1,2025_JULY,monsoon,0.8,195,"IMD, news",Orange alert for 5 south Bengal districts
2025-07-08,4,1,2025_JULY,monsoon,0.8,195,"IMD, news",Orange alert for 5 south Bengal districts
2025-09-23,124,1,2025_SEP_CLOUDBURST,cloudburst,0.9,332,"IMD, news, fatality reports","6th highest rainfall in 137 years, 11-12 deaths, Ballygunge pump failure"
2025-09-23,70,1,2025_SEP_CLOUDBURST,cloudburst,0.9,332,"IMD, news, fatality reports","6th highest rainfall in 137 years, 11-12 deaths, Ballygunge pump failure"
2025-09-23,83,1,2025_SEP_CLOUDBURST,cloudburst,0.9,332,"IMD, news, fatality reports","6th highest rainfall in 137 years, 11-12 deaths, Ballygunge pump failure"
2025-09-23,99,1,2025_SEP_CLOUDBURST,cloudburst,0.9,332,"IMD, news, fatality reports","6th highest rainfall in 137 years, 11-12 deaths, Ballygunge pump failure"
2025-09-23,121,1,2025_SEP_CLOUDBURST,cloudburst,0.9,332,"IMD, news, fatality reports","6th highest rainfall in 137 years, 11-12 deaths, Ballygunge pump failure"
2025-09-23,136,1,2025_SEP_CLOUDBURST,cloudburst,0.9,332,"IMD, news, fatality reports","6th highest rainfall in 137 years, 11-12 deaths, Ballygunge pump failure"
2025-09-23,66,1,2025_SEP_CLOUDBURST,cloudburst,0.9,332,"IMD, news, fatality reports","6th highest rainfall in 137 years, 11-12 deaths, Ballygunge pump failure"
2025-09-23,65,1,2025_SEP_CLOUDBURST,cloudburst,0.9,332,"IMD, news, fatality reports","6th highest rainfall in 137 years, 11-12 deaths, Ballygunge pump failure"
2025-09-23,95,1,2025_SEP_CLOUDBURST,cloudburst,0.9,332,"IMD, news, fatality reports","6th highest rainfall in 137 years, 11-12 deaths, Ballygunge pump failure"
2025-09-23,98,1,2025_SEP_CLOUDBURST,cloudburst,0.9,332,"IMD, news, fatality reports","6th highest rainfall in 137 years, 11-12 deaths, Ballygunge pump failure"
2025-09-23,135,1,2025_SEP_CLOUDBURST,cloudburst,0.9,332,"IMD, news, fatality reports","6th highest rainfall in 137 years, 11-12 deaths, Ballygunge pump failure"
2025-09-23,127,1,2025_SEP_CLOUDBURST,cloudburst,0.9,332,"IMD, news, fatality reports","6th highest rainfall in 137 years, 11-12 deaths, Ballygunge pump failure"
2025-09-23,100,1,2025_SEP_CLOUDBURST,cloudburst,0.9,332,"IMD, news, fatality reports","6th highest rainfall in 137 years, 11-12 deaths, Ballygunge pump failure"
2025-09-23,126,1,2025_SEP_CLOUDBURST,cloudburst,0.9,332,"IMD, news, fatality reports","6th highest rainfall in 137 years, 11-12 deaths, Ballygunge pump failure"
2025-09-23,86,1,2025_SEP_CLOUDBURST,cloudburst,0.9,332,"IMD, news, fatality reports","6th highest rainfall in 137 years, 11-12 deaths, Ballygunge pump failure"
2025-09-23,64,1,2025_SEP_CLOUDBURST,cloudburst,0.9,332,"IMD, news, fatality reports","6th highest rainfall in 137 years, 11-12 deaths, Ballygunge pump failure"
2025-09-23,101,1,2025_SEP_CLOUDBURST,cloudburst,0.9,332,"IMD, news, fatality reports","6th highest rainfall in 137 years, 11-12 deaths, Ballygunge pump failure"
2025-09-23,69,1,2025_SEP_CLOUDBURST,cloudburst,0.9,332,"IMD, news, fatality reports","6th highest rainfall in 137 years, 11-12 deaths, Ballygunge pump failure"
2025-09-23,82,1,2025_SEP_CLOUDBURST,cloudburst,0.9,332,"IMD, news, fatality reports","6th highest rainfall in 137 years, 11-12 deaths, Ballygunge pump failure"
2025-09-23,97,1,2025_SEP_CLOUDBURST,cloudburst,0.9,332,"IMD, news, fatality reports","6th highest rainfall in 137 years, 11-12 deaths, Ballygunge pump failure"
2025-09-23,125,1,2025_SEP_CLOUDBURST,cloudburst,0.9,332,"IMD, news, fatality reports","6th highest rainfall in 137 years, 11-12 deaths, Ballygunge pump failure"
2025-09-23,128,1,2025_SEP_CLOUDBURST,cloudburst,0.9,332,"IMD, news, fatality reports","6th highest rainfall in 137 years, 11-12 deaths, Ballygunge pump failure"
2025-09-23,63,1,2025_SEP_CLOUDBURST,cloudburst,0.9,332,"IMD, news, fatality reports","6th highest rainfall in 137 years, 11-12 deaths, Ballygunge pump failure"
2025-09-23,122,1,2025_SEP_CLOUDBURST,cloudburst,0.9,332,"IMD, news, fatality reports","6th highest rainfall in 137 years, 11-12 deaths, Ballygunge pump failure"
2025-09-23,129,1,2025_SEP_CLOUDBURST,cloudburst,0.9,332,"IMD, news, fatality reports","6th highest rainfall in 137 years, 11-12 deaths, Ballygunge pump failure"
2025-09-23,123,1,2025_SEP_CLOUDBURST,cloudburst,0.9,332,"IMD, news, fatality reports","6th highest rainfall in 137 years, 11-12 deaths, Ballygunge pump failure"
2025-09-23,67,1,2025_SEP_CLOUDBURST,cloudburst,0.9,332,"IMD, news, fatality reports","6th highest rainfall in 137 years, 11-12 deaths, Ballygunge pump failure"
2025-09-23,120,1,2025_SEP_CLOUDBURST,cloudburst,0.9,332,"IMD, news, fatality reports","6th highest rainfall in 137 years, 11-12 deaths, Ballygunge pump failure"
2025-09-23,102,1,2025_SEP_CLOUDBURST,cloudburst,0.9,332,"IMD, news, fatality reports","6th highest rainfall in 137 years, 11-12 deaths, Ballygunge pump failure"
2025-09-23,96,1,2025_SEP_CLOUDBURST,cloudburst,0.9,332,"IMD, news, fatality reports","6th highest rainfall in 137 years, 11-12 deaths, Ballygunge pump failure"
2025-09-23,87,1,2025_SEP_CLOUDBURST,cloudburst,0.9,332,"IMD, news, fatality reports","6th highest rainfall in 137 years, 11-12 deaths, Ballygunge pump failure"
2025-09-23,138,1,2025_SEP_CLOUDBURST,cloudburst,0.9,332,"IMD, news, fatality reports","6th highest rainfall in 137 years, 11-12 deaths, Ballygunge pump failure"
2025-09-23,137,1,2025_SEP_CLOUDBURST,cloudburst,0.9,332,"IMD, news, fatality reports","6th highest rainfall in 137 years, 11-12 deaths, Ballygunge pump failure"
2025-09-23,68,1,2025_SEP_CLOUDBURST,cloudburst,0.9,332,"IMD, news, fatality reports","6th highest rainfall in 137 years, 11-12 deaths, Ballygunge pump failure"
2025-09-23,103,1,2025_SEP_CLOUDBURST,cloudburst,0.9,332,"IMD, news, fatality reports","6th highest rainfall in 137 years, 11-12 deaths, Ballygunge pump failure"
2025-09-23,84,1,2025_SEP_CLOUDBURST,cloudburst,0.9,332,"IMD, news, fatality reports","6th highest rainfall in 137 years, 11-12 deaths, Ballygunge pump failure"
2025-09-24,124,1,2025_SEP_CLOUDBURST,cloudburst,0.9,332,"IMD, news, fatality reports","6th highest rainfall in 137 years, 11-12 deaths, Ballygunge pump failure"
2025-09-24,70,1,2025_SEP_CLOUDBURST,cloudburst,0.9,332,"IMD, news, fatality reports","6th highest rainfall in 137 years, 11-12 deaths, Ballygunge pump failure"
2025-09-24,83,1,2025_SEP_CLOUDBURST,cloudburst,0.9,332,"IMD, news, fatality reports","6th highest rainfall in 137 years, 11-12 deaths, Ballygunge pump failure"
2025-09-24,99,1,2025_SEP_CLOUDBURST,cloudburst,0.9,332,"IMD, news, fatality reports","6th highest rainfall in 137 years, 11-12 deaths, Ballygunge pump failure"
2025-09-24,121,1,2025_SEP_CLOUDBURST,cloudburst,0.9,332,"IMD, news, fatality reports","6th highest rainfall in 137 years, 11-12 deaths, Ballygunge pump failure"
2025-09-24,136,1,2025_SEP_CLOUDBURST,cloudburst,0.9,332,"IMD, news, fatality reports","6th highest rainfall in 137 years, 11-12 deaths, Ballygunge pump failure"
2025-09-24,66,1,2025_SEP_CLOUDBURST,cloudburst,0.9,332,"IMD, news, fatality reports","6th highest rainfall in 137 years, 11-12 deaths, Ballygunge pump failure"
2025-09-24,65,1,2025_SEP_CLOUDBURST,cloudburst,0.9,332,"IMD, news, fatality reports","6th highest rainfall in 137 years, 11-12 deaths, Ballygunge pump failure"
2025-09-24,95,1,2025_SEP_CLOUDBURST,cloudburst,0.9,332,"IMD, news, fatality reports","6th highest rainfall in 137 years, 11-12 deaths, Ballygunge pump failure"
2025-09-24,98,1,2025_SEP_CLOUDBURST,cloudburst,0.9,332,"IMD, news, fatality reports","6th highest rainfall in 137 years, 11-12 deaths, Ballygunge pump failure"
2025-09-24,135,1,2025_SEP_CLOUDBURST,cloudburst,0.9,332,"IMD, news, fatality reports","6th highest rainfall in 137 years, 11-12 deaths, Ballygunge pump failure"
2025-09-24,127,1,2025_SEP_CLOUDBURST,cloudburst,0.9,332,"IMD, news, fatality reports","6th highest rainfall in 137 years, 11-12 deaths, Ballygunge pump failure"
2025-09-24,100,1,2025_SEP_CLOUDBURST,cloudburst,0.9,332,"IMD, news, fatality reports","6th highest rainfall in 137 years, 11-12 deaths, Ballygunge pump failure"
2025-09-24,126,1,2025_SEP_CLOUDBURST,cloudburst,0.9,332,"IMD, news, fatality reports","6th highest rainfall in 137 years, 11-12 deaths, Ballygunge pump failure"
2025-09-24,86,1,2025_SEP_CLOUDBURST,cloudburst,0.9,332,"IMD, news, fatality reports","6th highest rainfall in 137 years, 11-12 deaths, Ballygunge pump failure"
2025-09-24,64,1,2025_SEP_CLOUDBURST,cloudburst,0.9,332,"IMD, news, fatality reports","6th highest rainfall in 137 years, 11-12 deaths, Ballygunge pump failure"
2025-09-24,101,1,2025_SEP_CLOUDBURST,cloudburst,0.9,332,"IMD, news, fatality reports","6th highest rainfall in 137 years, 11-12 deaths, Ballygunge pump failure"
2025-09-24,69,1,2025_SEP_CLOUDBURST,cloudburst,0.9,332,"IMD, news, fatality reports","6th highest rainfall in 137 years, 11-12 deaths, Ballygunge pump failure"
2025-09-24,82,1,2025_SEP_CLOUDBURST,cloudburst,0.9,332,"IMD, news, fatality reports","6th highest rainfall in 137 years, 11-12 deaths, Ballygunge pump failure"
2025-09-24,97,1,2025_SEP_CLOUDBURST,cloudburst,0.9,332,"IMD, news, fatality reports","6th highest rainfall in 137 years, 11-12 deaths, Ballygunge pump failure"
2025-09-24,125,1,2025_SEP_CLOUDBURST,cloudburst,0.9,332,"IMD, news, fatality reports","6th highest rainfall in 137 years, 11-12 deaths, Ballygunge pump failure"
2025-09-24,128,1,2025_SEP_CLOUDBURST,cloudburst,0.9,332,"IMD, news, fatality reports","6th highest rainfall in 137 years, 11-12 deaths, Ballygunge pump failure"
2025-09-24,63,1,2025_SEP_CLOUDBURST,cloudburst,0.9,332,"IMD, news, fatality reports","6th highest rainfall in 137 years, 11-12 deaths, Ballygunge pump failure"
2025-09-24,122,1,2025_SEP_CLOUDBURST,cloudburst,0.9,332,"IMD, news, fatality reports","6th highest rainfall in 137 years, 11-12 deaths, Ballygunge pump failure"
2025-09-24,129,1,2025_SEP_CLOUDBURST,cloudburst,0.9,332,"IMD, news, fatality reports","6th highest rainfall in 137 years, 11-12 deaths, Ballygunge pump failure"
2025-09-24,123,1,2025_SEP_CLOUDBURST,cloudburst,0.9,332,"IMD, news, fatality reports","6th highest rainfall in 137 years, 11-12 deaths, Ballygunge pump failure"
2025-09-24,67,1,2025_SEP_CLOUDBURST,cloudburst,0.9,332,"IMD, news, fatality reports","6th highest rainfall in 137 years, 11-12 deaths, Ballygunge pump failure"
2025-09-24,120,1,2025_SEP_CLOUDBURST,cloudburst,0.9,332,"IMD, news, fatality reports","6th highest rainfall in 137 years, 11-12 deaths, Ballygunge pump failure"
2025-09-24,102,1,2025_SEP_CLOUDBURST,cloudburst,0.9,332,"IMD, news, fatality reports","6th highest rainfall in 137 years, 11-12 deaths, Ballygunge pump failure"
2025-09-24,96,1,2025_SEP_CLOUDBURST,cloudburst,0.9,332,"IMD, news, fatality reports","6th highest rainfall in 137 years, 11-12 deaths, Ballygunge pump failure"
2025-09-24,87,1,2025_SEP_CLOUDBURST,cloudburst,0.9,332,"IMD, news, fatality reports","6th highest rainfall in 137 years, 11-12 deaths, Ballygunge pump failure"
2025-09-24,138,1,2025_SEP_CLOUDBURST,cloudburst,0.9,332,"IMD, news, fatality reports","6th highest rainfall in 137 years, 11-12 deaths, Ballygunge pump failure"
2025-09-24,137,1,2025_SEP_CLOUDBURST,cloudburst,0.9,332,"IMD, news, fatality reports","6th highest rainfall in 137 years, 11-12 deaths, Ballygunge pump failure"
2025-09-24,68,1,2025_SEP_CLOUDBURST,cloudburst,0.9,332,"IMD, news, fatality reports","6th highest rainfall in 137 years, 11-12 deaths, Ballygunge pump failure"
2025-09-24,103,1,2025_SEP_CLOUDBURST,cloudburst,0.9,332,"IMD, news, fatality reports","6th highest rainfall in 137 years, 11-12 deaths, Ballygunge pump failure"
2025-09-24,84,1,2025_SEP_CLOUDBURST,cloudburst,0.9,332,"IMD, news, fatality reports","6th highest rainfall in 137 years, 11-12 deaths, Ballygunge pump failure"
2025-09-25,124,1,2025_SEP_CLOUDBURST,cloudburst,0.9,332,"IMD, news, fatality reports","6th highest rainfall in 137 years, 11-12 deaths, Ballygunge pump failure"
2025-09-25,70,1,2025_SEP_CLOUDBURST,cloudburst,0.9,332,"IMD, news, fatality reports","6th highest rainfall in 137 years, 11-12 deaths, Ballygunge pump failure"
2025-09-25,83,1,2025_SEP_CLOUDBURST,cloudburst,0.9,332,"IMD, news, fatality reports","6th highest rainfall in 137 years, 11-12 deaths, Ballygunge pump failure"
2025-09-25,99,1,2025_SEP_CLOUDBURST,cloudburst,0.9,332,"IMD, news, fatality reports","6th highest rainfall in 137 years, 11-12 deaths, Ballygunge pump failure"
2025-09-25,121,1,2025_SEP_CLOUDBURST,cloudburst,0.9,332,"IMD, news, fatality reports","6th highest rainfall in 137 years, 11-12 deaths, Ballygunge pump failure"
2025-09-25,136,1,2025_SEP_CLOUDBURST,cloudburst,0.9,332,"IMD, news, fatality reports","6th highest rainfall in 137 years, 11-12 deaths, Ballygunge pump failure"
2025-09-25,66,1,2025_SEP_CLOUDBURST,cloudburst,0.9,332,"IMD, news, fatality reports","6th highest rainfall in 137 years, 11-12 deaths, Ballygunge pump failure"
2025-09-25,65,1,2025_SEP_CLOUDBURST,cloudburst,0.9,332,"IMD, news, fatality reports","6th highest rainfall in 137 years, 11-12 deaths, Ballygunge pump failure"
2025-09-25,95,1,2025_SEP_CLOUDBURST,cloudburst,0.9,332,"IMD, news, fatality reports","6th highest rainfall in 137 years, 11-12 deaths, Ballygunge pump failure"
2025-09-25,98,1,2025_SEP_CLOUDBURST,cloudburst,0.9,332,"IMD, news, fatality reports","6th highest rainfall in 137 years, 11-12 deaths, Ballygunge pump failure"
2025-09-25,135,1,2025_SEP_CLOUDBURST,cloudburst,0.9,332,"IMD, news, fatality reports","6th highest rainfall in 137 years, 11-12 deaths, Ballygunge pump failure"
2025-09-25,127,1,2025_SEP_CLOUDBURST,cloudburst,0.9,332,"IMD, news, fatality reports","6th highest rainfall in 137 years, 11-12 deaths, Ballygunge pump failure"
2025-09-25,100,1,2025_SEP_CLOUDBURST,cloudburst,0.9,332,"IMD, news, fatality reports","6th highest rainfall in 137 years, 11-12 deaths, Ballygunge pump failure"
2025-09-25,126,1,2025_SEP_CLOUDBURST,cloudburst,0.9,332,"IMD, news, fatality reports","6th highest rainfall in 137 years, 11-12 deaths, Ballygunge pump failure"
2025-09-25,86,1,2025_SEP_CLOUDBURST,cloudburst,0.9,332,"IMD, news, fatality reports","6th highest rainfall in 137 years, 11-12 deaths, Ballygunge pump failure"
2025-09-25,64,1,2025_SEP_CLOUDBURST,cloudburst,0.9,332,"IMD, news, fatality reports","6th highest rainfall in 137 years, 11-12 deaths, Ballygunge pump failure"
2025-09-25,101,1,2025_SEP_CLOUDBURST,cloudburst,0.9,332,"IMD, news, fatality reports","6th highest rainfall in 137 years, 11-12 deaths, Ballygunge pump failure"
2025-09-25,69,1,2025_SEP_CLOUDBURST,cloudburst,0.9,332,"IMD, news, fatality reports","6th highest rainfall in 137 years, 11-12 deaths, Ballygunge pump failure"
2025-09-25,82,1,2025_SEP_CLOUDBURST,cloudburst,0.9,332,"IMD, news, fatality reports","6th highest rainfall in 137 years, 11-12 deaths, Ballygunge pump failure"
2025-09-25,97,1,2025_SEP_CLOUDBURST,cloudburst,0.9,332,"IMD, news, fatality reports","6th highest rainfall in 137 years, 11-12 deaths, Ballygunge pump failure"
2025-09-25,125,1,2025_SEP_CLOUDBURST,cloudburst,0.9,332,"IMD, news, fatality reports","6th highest rainfall in 137 years, 11-12 deaths, Ballygunge pump failure"
2025-09-25,128,1,2025_SEP_CLOUDBURST,cloudburst,0.9,332,"IMD, news, fatality reports","6th highest rainfall in 137 years, 11-12 deaths, Ballygunge pump failure"
2025-09-25,63,1,2025_SEP_CLOUDBURST,cloudburst,0.9,332,"IMD, news, fatality reports","6th highest rainfall in 137 years, 11-12 deaths, Ballygunge pump failure"
2025-09-25,122,1,2025_SEP_CLOUDBURST,cloudburst,0.9,332,"IMD, news, fatality reports","6th highest rainfall in 137 years, 11-12 deaths, Ballygunge pump failure"
2025-09-25,129,1,2025_SEP_CLOUDBURST,cloudburst,0.9,332,"IMD, news, fatality reports","6th highest rainfall in 137 years, 11-12 deaths, Ballygunge pump failure"
2025-09-25,123,1,2025_SEP_CLOUDBURST,cloudburst,0.9,332,"IMD, news, fatality reports","6th highest rainfall in 137 years, 11-12 deaths, Ballygunge pump failure"
2025-09-25,67,1,2025_SEP_CLOUDBURST,cloudburst,0.9,332,"IMD, news, fatality reports","6th highest rainfall in 137 years, 11-12 deaths, Ballygunge pump failure"
2025-09-25,120,1,2025_SEP_CLOUDBURST,cloudburst,0.9,332,"IMD, news, fatality reports","6th highest rainfall in 137 years, 11-12 deaths, Ballygunge pump failure"
2025-09-25,102,1,2025_SEP_CLOUDBURST,cloudburst,0.9,332,"IMD, news, fatality reports","6th highest rainfall in 137 years, 11-12 deaths, Ballygunge pump failure"
2025-09-25,96,1,2025_SEP_CLOUDBURST,cloudburst,0.9,332,"IMD, news, fatality reports","6th highest rainfall in 137 years, 11-12 deaths, Ballygunge pump failure"
2025-09-25,87,1,2025_SEP_CLOUDBURST,cloudburst,0.9,332,"IMD, news, fatality reports","6th highest rainfall in 137 years, 11-12 deaths, Ballygunge pump failure"
2025-09-25,138,1,2025_SEP_CLOUDBURST,cloudburst,0.9,332,"IMD, news, fatality reports","6th highest rainfall in 137 years, 11-12 deaths, Ballygunge pump failure"
2025-09-25,137,1,2025_SEP_CLOUDBURST,cloudburst,0.9,332,"IMD, news, fatality reports","6th highest rainfall in 137 years, 11-12 deaths, Ballygunge pump failure"
2025-09-25,68,1,2025_SEP_CLOUDBURST,cloudburst,0.9,332,"IMD, news, fatality reports","6th highest rainfall in 137 years, 11-12 deaths, Ballygunge pump failure"
2025-09-25,103,1,2025_SEP_CLOUDBURST,cloudburst,0.9,332,"IMD, news, fatality reports","6th highest rainfall in 137 years, 11-12 deaths, Ballygunge pump failure"
2025-09-25,84,1,2025_SEP_CLOUDBURST,cloudburst,0.9,332,"IMD, news, fatality reports","6th highest rainfall in 137 years, 11-12 deaths, Ballygunge pump failure"
